{"stats":{"minecraft:killed":{"minecraft:pig":10,"minecraft:sheep":9,"minecraft:chicken":2,"minecraft:cow":1},"minecraft:broken":{"minecraft:stone_pickaxe":5,"minecraft:stone_axe":1},"minecraft:picked_up":{"minecraft:birch_log":13,"minecraft:cocoa_beans":3,"minecraft:crafting_table":3,"minecraft:feather":3,"minecraft:lilac":4,"minecraft:chicken":2,"minecraft:jungle_log":2,"minecraft:leather":2,"minecraft:brown_mushroom":1,"minecraft:oak_log":20,"minecraft:cobblestone_stairs":6,"minecraft:dirt":40,"minecraft:wheat_seeds":3,"minecraft:beef":3,"minecraft:light_gray_wool":1,"biomesoplenty:toadstool":1,"minecraft:stick":2,"minecraft:raw_iron":13,"minecraft:torch":8,"minecraft:gravel":2,"minecraft:porkchop":22,"minecraft:diorite":6,"minecraft:mossy_cobblestone":3,"minecraft:peony":4,"minecraft:oak_sapling":4,"minecraft:black_wool":1,"minecraft:mutton":16,"minecraft:coal":73,"minecraft:white_wool":7,"minecraft:cobblestone":498},"minecraft:used":{"minecraft:diorite":4,"minecraft:cobblestone_stairs":6,"minecraft:stone_pickaxe":700,"minecraft:wooden_pickaxe":24,"minecraft:torch":63,"minecraft:dirt":35,"minecraft:crafting_table":6,"minecraft:white_bed":1,"minecraft:wooden_hoe":24,"minecraft:stone_axe":134,"minecraft:cobblestone":182,"minecraft:furnace":2,"minecraft:jungle_door":2,"minecraft:cooked_beef":3},"minecraft:custom":{"minecraft:interact_with_furnace":9,"minecraft:mob_kills":22,"minecraft:interact_with_crafting_table":17,"minecraft:leave_game":2,"minecraft:time_since_death":59994,"minecraft:climb_one_cm":1065,"minecraft:time_since_rest":60324,"minecraft:sprint_one_cm":1023,"minecraft:damage_taken":519,"minecraft:walk_one_cm":273342,"minecraft:drop":7,"minecraft:damage_dealt":1972,"minecraft:fly_one_cm":489,"minecraft:play_time":62315,"minecraft:deaths":1,"minecraft:sneak_time":6,"minecraft:walk_under_water_one_cm":5926,"minecraft:jump":709,"minecraft:walk_on_water_one_cm":12534,"minecraft:total_world_time":62315,"minecraft:fall_one_cm":7509},"minecraft:dropped":{"biomesoplenty:toadstool":1,"minecraft:lilac":4,"minecraft:cocoa_beans":3,"minecraft:mossy_cobblestone":3,"minecraft:diorite":2,"minecraft:wooden_hoe":1,"minecraft:peony":2},"minecraft:killed_by":{"minecraft:player":1},"minecraft:crafted":{"minecraft:cooked_beef":3,"minecraft:oak_planks":46,"minecraft:cooked_porkchop":11,"minecraft:crafting_table":3,"minecraft:wooden_pickaxe":1,"minecraft:cooked_chicken":2,"minecraft:furnace":2,"minecraft:oak_wood":3,"minecraft:stone_axe":3,"minecraft:jungle_planks":6,"minecraft:jungle_door":3,"minecraft:wooden_hoe":1,"minecraft:stick":34,"minecraft:stone_pickaxe":8,"minecraft:white_bed":1,"minecraft:torch":64},"minecraft:mined":{"minecraft:brown_mushroom":1,"minecraft:mossy_cobblestone":3,"minecraft:cobblestone_stairs":7,"minecraft:crafting_table":3,"biomesoplenty:bush":6,"minecraft:grass_block":12,"minecraft:jungle_log":2,"minecraft:stone_slab":1,"minecraft:tall_grass":6,"minecraft:cobblestone":4,"minecraft:diorite":7,"minecraft:wall_torch":10,"minecraft:large_fern":1,"minecraft:furnace":1,"biomesoplenty:toadstool":1,"minecraft:birch_log":13,"minecraft:iron_ore":13,"minecraft:lilac":6,"minecraft:birch_leaves":5,"minecraft:peony":5,"minecraft:grass":16,"minecraft:oak_log":20,"minecraft:coal_ore":70,"minecraft:cocoa":1,"minecraft:vine":4,"minecraft:gravel":2,"minecraft:dirt":29,"minecraft:stone":511,"minecraft:oak_leaves":26,"minecraft:infested_stone":1,"minecraft:fern":4}},"DataVersion":3465}