{"stats":{"minecraft:picked_up":{"minecraft:crafting_table":2,"minecraft:stick":2,"minecraft:oak_log":16,"minecraft:oak_sapling":3,"minecraft:dirt":15,"minecraft:cobblestone":4},"minecraft:used":{"minecraft:wooden_hoe":1,"minecraft:dirt":3,"minecraft:crafting_table":2,"minecraft:wooden_pickaxe":23},"minecraft:custom":{"minecraft:time_since_rest":18998,"minecraft:walk_one_cm":20868,"minecraft:play_time":20989,"minecraft:damage_taken":274,"minecraft:deaths":1,"minecraft:sneak_time":6,"minecraft:walk_under_water_one_cm":5926,"minecraft:jump":124,"minecraft:damage_dealt":47,"minecraft:leave_game":1,"minecraft:time_since_death":18668,"minecraft:walk_on_water_one_cm":12534,"minecraft:total_world_time":20989,"minecraft:climb_one_cm":686,"minecraft:interact_with_crafting_table":2,"minecraft:fly_one_cm":298,"minecraft:fall_one_cm":950},"minecraft:killed_by":{"minecraft:player":1},"minecraft:crafted":{"minecraft:oak_planks":16,"minecraft:wooden_hoe":1,"minecraft:crafting_table":1,"minecraft:stick":2,"minecraft:stone_pickaxe":1,"minecraft:wooden_pickaxe":1},"minecraft:mined":{"minecraft:large_fern":1,"minecraft:grass":1,"minecraft:grass_block":5,"minecraft:oak_log":16,"minecraft:dirt":11,"minecraft:stone":9,"minecraft:crafting_table":2,"minecraft:oak_leaves":12,"minecraft:fern":3}},"DataVersion":3465}