{"stats":{"minecraft:killed":{"minecraft:pig":10,"minecraft:sheep":17,"minecraft:chicken":2,"minecraft:cow":3},"minecraft:broken":{"minecraft:stone_pickaxe":9,"minecraft:stone_axe":1},"minecraft:picked_up":{"minecraft:birch_log":13,"minecraft:cocoa_beans":3,"minecraft:crafting_table":4,"minecraft:feather":3,"minecraft:lilac":4,"minecraft:chicken":2,"minecraft:andesite":6,"minecraft:jungle_log":2,"minecraft:leather":4,"minecraft:brown_mushroom":1,"minecraft:flint":1,"minecraft:stone_brick_stairs":2,"minecraft:oak_log":57,"minecraft:cobblestone_stairs":6,"minecraft:dirt":88,"minecraft:apple":1,"minecraft:stone_bricks":2,"minecraft:wheat_seeds":4,"minecraft:beef":8,"minecraft:light_gray_wool":2,"minecraft:chest":1,"minecraft:furnace":1,"biomesoplenty:toadstool":1,"minecraft:dark_oak_sapling":6,"minecraft:stick":13,"minecraft:raw_iron":31,"minecraft:stone_brick_slab":1,"minecraft:torch":15,"minecraft:gravel":10,"minecraft:porkchop":22,"minecraft:spruce_sapling":1,"minecraft:diorite":6,"minecraft:white_bed":1,"minecraft:spruce_log":13,"minecraft:dark_oak_log":11,"minecraft:mossy_cobblestone":3,"minecraft:stone_axe":1,"minecraft:peony":8,"minecraft:oak_sapling":4,"minecraft:netherrack":7,"minecraft:black_wool":3,"minecraft:mutton":28,"minecraft:coal":159,"minecraft:white_wool":13,"minecraft:cobblestone":1168},"minecraft:custom":{"minecraft:interact_with_furnace":25,"minecraft:mob_kills":32,"minecraft:interact_with_crafting_table":39,"minecraft:leave_game":4,"minecraft:time_since_death":12342,"minecraft:sleep_in_bed":6,"minecraft:climb_one_cm":1065,"minecraft:time_since_rest":12388,"minecraft:sprint_one_cm":35665,"minecraft:damage_taken":839,"minecraft:walk_one_cm":489245,"minecraft:drop":18,"minecraft:damage_dealt":2810,"minecraft:swim_one_cm":1248,"minecraft:fly_one_cm":58114,"minecraft:open_chest":15,"minecraft:play_time":115620,"minecraft:deaths":2,"minecraft:sneak_time":8,"minecraft:walk_under_water_one_cm":19145,"minecraft:jump":1231,"minecraft:walk_on_water_one_cm":13381,"minecraft:total_world_time":115620,"minecraft:fall_one_cm":18715},"minecraft:used":{"minecraft:diorite":4,"minecraft:cobblestone_stairs":6,"minecraft:stone_pickaxe":1442,"minecraft:chest":5,"minecraft:wooden_pickaxe":47,"minecraft:oak_door":1,"minecraft:torch":125,"minecraft:dirt":40,"minecraft:crafting_table":8,"minecraft:white_bed":2,"minecraft:wooden_axe":34,"minecraft:wooden_hoe":24,"minecraft:dark_oak_log":1,"minecraft:stone_axe":200,"minecraft:cobblestone":331,"minecraft:furnace":3,"minecraft:cooked_porkchop":1,"minecraft:jungle_door":2,"minecraft:cooked_beef":3},"minecraft:dropped":{"biomesoplenty:toadstool":1,"minecraft:stone_axe":1,"minecraft:lilac":4,"minecraft:cocoa_beans":3,"minecraft:mossy_cobblestone":3,"minecraft:dark_oak_sapling":6,"minecraft:cobblestone":164,"minecraft:coal":6,"minecraft:dirt":16,"minecraft:diorite":2,"minecraft:wooden_hoe":1,"minecraft:peony":8},"minecraft:killed_by":{"minecraft:player":1},"minecraft:crafted":{"minecraft:cooked_beef":3,"minecraft:oak_door":3,"minecraft:oak_planks":208,"minecraft:cooked_porkchop":11,"minecraft:crafting_table":4,"minecraft:spruce_planks":20,"minecraft:cooked_chicken":2,"minecraft:wooden_pickaxe":2,"minecraft:iron_helmet":1,"minecraft:furnace":2,"minecraft:oak_wood":3,"minecraft:birch_planks":52,"minecraft:stone_axe":6,"minecraft:cooked_mutton":4,"minecraft:air":0,"minecraft:jungle_planks":6,"minecraft:oak_boat":1,"minecraft:jungle_door":3,"minecraft:iron_boots":1,"minecraft:iron_chestplate":1,"minecraft:wooden_hoe":1,"minecraft:stick":90,"minecraft:iron_ingot":29,"minecraft:stone_pickaxe":20,"minecraft:iron_pickaxe":1,"minecraft:wooden_axe":1,"minecraft:chest":4,"minecraft:iron_leggings":1,"minecraft:white_bed":1,"minecraft:torch":116},"minecraft:mined":{"minecraft:white_bed":1,"minecraft:brown_mushroom":1,"minecraft:mossy_cobblestone":3,"minecraft:cobblestone_stairs":7,"minecraft:dark_oak_log":11,"minecraft:stone_brick_slab":1,"minecraft:crafting_table":4,"gravestone:gravestone":1,"biomesoplenty:bush":9,"minecraft:grass_block":29,"minecraft:chest":1,"minecraft:jungle_log":2,"minecraft:stone_slab":1,"minecraft:tall_grass":6,"minecraft:cobblestone":20,"minecraft:diorite":7,"minecraft:wall_torch":17,"minecraft:large_fern":1,"minecraft:furnace":2,"biomesoplenty:toadstool":1,"minecraft:birch_log":13,"minecraft:iron_ore":31,"minecraft:lilac":6,"minecraft:spruce_log":16,"minecraft:birch_leaves":5,"minecraft:andesite":7,"minecraft:stone_brick_stairs":2,"minecraft:peony":5,"minecraft:grass":18,"minecraft:coal_ore":129,"minecraft:oak_log":65,"minecraft:cocoa":1,"minecraft:vine":4,"minecraft:gravel":11,"minecraft:dirt":45,"minecraft:stone":1129,"minecraft:stone_bricks":2,"minecraft:netherrack":7,"minecraft:oak_leaves":26,"minecraft:fern":4,"minecraft:infested_stone":1,"minecraft:podzol":1}},"DataVersion":3465}