{"stats":{"minecraft:killed":{"minecraft:chicken":2,"minecraft:pig":10,"minecraft:sheep":18,"minecraft:cow":3},"minecraft:broken":{"minecraft:stone_pickaxe":17,"minecraft:stone_axe":1},"minecraft:picked_up":{"minecraft:cocoa_beans":3,"minecraft:crafting_table":4,"minecraft:chicken":2,"minecraft:brown_mushroom":1,"minecraft:wooden_pickaxe":1,"minecraft:stone_brick_stairs":4,"gravestone:obituary":1,"minecraft:raw_copper":91,"minecraft:cobbled_deepslate":51,"minecraft:spruce_planks":12,"minecraft:beef":13,"minecraft:oak_boat":1,"minecraft:light_gray_wool":2,"minecraft:chest":1,"minecraft:furnace":1,"minecraft:dark_oak_sapling":9,"minecraft:stick":17,"minecraft:raw_iron":47,"minecraft:sandstone":1,"minecraft:torch":38,"minecraft:porkchop":22,"minecraft:diorite":44,"minecraft:peony":9,"minecraft:mutton":29,"minecraft:white_wool":14,"minecraft:cobblestone":2032,"minecraft:birch_log":13,"minecraft:feather":3,"minecraft:lilac":4,"minecraft:andesite":35,"minecraft:jungle_log":2,"minecraft:leather":4,"minecraft:flint":2,"minecraft:oak_log":57,"minecraft:cobblestone_stairs":6,"minecraft:lapis_lazuli":5,"minecraft:dirt":107,"minecraft:apple":1,"minecraft:stone_bricks":2,"minecraft:wheat_seeds":4,"minecraft:stone_pickaxe":2,"biomesoplenty:toadstool":1,"minecraft:pumpkin":9,"minecraft:stone_brick_slab":2,"minecraft:gravel":20,"minecraft:sand":27,"minecraft:spruce_sapling":8,"minecraft:white_bed":1,"minecraft:spruce_log":51,"minecraft:dark_oak_log":24,"minecraft:mossy_cobblestone":3,"minecraft:stone_axe":1,"minecraft:granite":5,"minecraft:oak_sapling":4,"minecraft:netherrack":7,"minecraft:black_wool":3,"minecraft:coal":262,"iceandfire:raw_silver":2},"minecraft:used":{"minecraft:chest":5,"minecraft:oak_door":1,"minecraft:torch":255,"minecraft:dirt":73,"minecraft:granite":1,"minecraft:glass":8,"minecraft:wooden_axe":34,"iceandfire:copper_axe":13,"iceandfire:copper_pickaxe":4,"minecraft:furnace":3,"minecraft:cooked_beef":3,"minecraft:diorite":12,"minecraft:cobblestone_stairs":6,"minecraft:stone_pickaxe":2671,"minecraft:wooden_pickaxe":47,"minecraft:birch_boat":1,"minecraft:crafting_table":9,"minecraft:white_bed":2,"minecraft:wooden_hoe":24,"minecraft:dark_oak_log":1,"minecraft:iron_pickaxe":3,"minecraft:stone_axe":244,"minecraft:cobblestone":446,"minecraft:cooked_porkchop":3,"minecraft:jungle_door":2,"minecraft:oak_boat":2},"minecraft:custom":{"minecraft:mob_kills":33,"minecraft:interact_with_crafting_table":57,"minecraft:leave_game":10,"minecraft:time_since_death":35478,"minecraft:climb_one_cm":1065,"minecraft:sprint_one_cm":62985,"minecraft:walk_one_cm":631426,"minecraft:drop":40,"minecraft:play_time":212139,"minecraft:deaths":5,"minecraft:sneak_time":9,"minecraft:walk_under_water_one_cm":20578,"minecraft:boat_one_cm":189405,"minecraft:jump":1763,"minecraft:walk_on_water_one_cm":17023,"minecraft:total_world_time":212139,"minecraft:interact_with_furnace":49,"minecraft:sleep_in_bed":9,"minecraft:time_since_rest":30363,"minecraft:damage_taken":1685,"minecraft:damage_dealt":2890,"minecraft:swim_one_cm":1248,"minecraft:fly_one_cm":104854,"minecraft:open_chest":39,"minecraft:crouch_one_cm":14,"minecraft:fall_one_cm":27355},"minecraft:dropped":{"iceandfire:raw_silver":1,"minecraft:wheat_seeds":1,"minecraft:lilac":4,"minecraft:mossy_cobblestone":3,"minecraft:dark_oak_sapling":6,"minecraft:cobblestone":172,"minecraft:coal":6,"minecraft:flint":1,"minecraft:dirt":16,"minecraft:dark_oak_log":10,"minecraft:diorite":29,"minecraft:wooden_hoe":1,"minecraft:torch":1,"minecraft:wooden_axe":1,"gravestone:obituary":2,"minecraft:spruce_sapling":1,"minecraft:stone_brick_slab":1,"minecraft:gravel":10,"biomesoplenty:toadstool":1,"minecraft:stone_axe":1,"minecraft:cocoa_beans":3,"minecraft:peony":8,"minecraft:stone_bricks":2,"minecraft:spruce_log":8,"minecraft:wooden_pickaxe":1,"minecraft:stone_pickaxe":1,"minecraft:stone_brick_stairs":2,"minecraft:netherrack":7},"minecraft:killed_by":{"minecraft:player":2,"iceandfire:sea_serpent":2},"minecraft:crafted":{"minecraft:oak_door":3,"minecraft:oak_planks":208,"minecraft:birch_boat":1,"minecraft:cooked_chicken":2,"minecraft:furnace":2,"iceandfire:armor_copper_metal_leggings":1,"minecraft:cooked_mutton":12,"iceandfire:armor_copper_metal_boots":1,"iceandfire:armor_copper_metal_helmet":1,"minecraft:glass":18,"iceandfire:copper_axe":2,"minecraft:iron_boots":1,"minecraft:iron_axe":1,"minecraft:stone_pickaxe":27,"iceandfire:armor_copper_metal_chestplate":1,"minecraft:chest":4,"iceandfire:copper_pickaxe":2,"minecraft:cooked_beef":3,"minecraft:cooked_porkchop":11,"minecraft:crafting_table":5,"minecraft:spruce_planks":84,"minecraft:wooden_pickaxe":2,"minecraft:iron_helmet":1,"minecraft:copper_ingot":39,"minecraft:birch_planks":52,"minecraft:bucket":1,"minecraft:oak_wood":3,"minecraft:stone_axe":7,"minecraft:air":0,"minecraft:jungle_planks":6,"minecraft:oak_boat":1,"minecraft:jungle_door":3,"minecraft:wooden_hoe":1,"minecraft:iron_chestplate":1,"minecraft:shield":1,"minecraft:stick":158,"minecraft:iron_ingot":35,"minecraft:iron_pickaxe":1,"minecraft:wooden_axe":1,"minecraft:iron_leggings":1,"minecraft:white_bed":1,"minecraft:torch":244},"minecraft:mined":{"minecraft:white_bed":1,"iceandfire:silver_ore":1,"minecraft:mossy_cobblestone":3,"minecraft:cobblestone_stairs":7,"minecraft:dark_oak_log":24,"minecraft:glow_lichen":1,"gravestone:gravestone":2,"minecraft:granite":5,"biomesoplenty:bush":13,"minecraft:grass_block":31,"minecraft:jungle_log":2,"minecraft:sandstone":1,"minecraft:large_fern":1,"minecraft:tall_seagrass":1,"minecraft:furnace":2,"biomesoplenty:toadstool":1,"minecraft:iron_ore":47,"minecraft:andesite":36,"minecraft:pumpkin":9,"minecraft:deepslate_lapis_ore":2,"minecraft:peony":6,"minecraft:vine":4,"minecraft:stone":2005,"minecraft:podzol":1,"minecraft:brown_mushroom":1,"minecraft:stone_brick_slab":1,"minecraft:crafting_table":4,"minecraft:chest":1,"minecraft:stone_slab":1,"minecraft:tall_grass":6,"minecraft:copper_ore":28,"minecraft:cobblestone":33,"minecraft:diorite":43,"minecraft:wall_torch":40,"minecraft:birch_log":13,"minecraft:lilac":6,"minecraft:spruce_log":41,"minecraft:birch_leaves":5,"minecraft:stone_brick_stairs":2,"minecraft:grass":19,"minecraft:oak_log":65,"minecraft:coal_ore":236,"minecraft:cocoa":1,"minecraft:gravel":16,"minecraft:sand":32,"minecraft:dirt":62,"minecraft:stone_bricks":2,"minecraft:netherrack":7,"minecraft:oak_leaves":26,"minecraft:deepslate":52,"minecraft:infested_stone":1,"minecraft:fern":4}},"DataVersion":3465}