{"stats":{"minecraft:killed":{"minecraft:chicken":2,"minecraft:pig":10,"minecraft:sheep":17,"minecraft:cow":3},"minecraft:broken":{"minecraft:stone_pickaxe":9,"minecraft:stone_axe":1},"minecraft:picked_up":{"minecraft:cocoa_beans":3,"minecraft:crafting_table":4,"minecraft:chicken":2,"minecraft:brown_mushroom":1,"minecraft:wooden_pickaxe":1,"minecraft:stone_brick_stairs":4,"minecraft:spruce_planks":12,"minecraft:beef":13,"minecraft:light_gray_wool":2,"minecraft:chest":1,"minecraft:furnace":1,"minecraft:dark_oak_sapling":6,"minecraft:stick":13,"minecraft:raw_iron":31,"minecraft:torch":19,"minecraft:porkchop":22,"minecraft:diorite":6,"minecraft:peony":8,"minecraft:mutton":28,"minecraft:white_wool":13,"minecraft:cobblestone":1171,"minecraft:birch_log":13,"minecraft:feather":3,"minecraft:lilac":4,"minecraft:jungle_log":2,"minecraft:andesite":6,"minecraft:leather":4,"minecraft:flint":2,"minecraft:oak_log":57,"minecraft:cobblestone_stairs":6,"minecraft:dirt":88,"minecraft:apple":1,"minecraft:stone_bricks":2,"minecraft:wheat_seeds":4,"minecraft:stone_pickaxe":2,"biomesoplenty:toadstool":1,"minecraft:stone_brick_slab":2,"minecraft:gravel":10,"minecraft:spruce_sapling":2,"minecraft:white_bed":1,"minecraft:spruce_log":29,"minecraft:dark_oak_log":11,"minecraft:mossy_cobblestone":3,"minecraft:stone_axe":1,"minecraft:oak_sapling":4,"minecraft:black_wool":3,"minecraft:netherrack":7,"minecraft:coal":159},"minecraft:used":{"minecraft:chest":5,"minecraft:oak_door":1,"minecraft:torch":126,"minecraft:dirt":72,"minecraft:wooden_axe":34,"minecraft:furnace":3,"minecraft:cooked_beef":3,"minecraft:diorite":4,"minecraft:cobblestone_stairs":6,"minecraft:stone_pickaxe":1445,"minecraft:wooden_pickaxe":47,"minecraft:crafting_table":8,"minecraft:white_bed":2,"minecraft:wooden_hoe":24,"minecraft:dark_oak_log":1,"minecraft:stone_axe":200,"minecraft:cobblestone":337,"minecraft:cooked_porkchop":2,"minecraft:jungle_door":2},"minecraft:custom":{"minecraft:mob_kills":32,"minecraft:interact_with_crafting_table":40,"minecraft:leave_game":4,"minecraft:time_since_death":24342,"minecraft:climb_one_cm":1065,"minecraft:sprint_one_cm":36892,"minecraft:walk_one_cm":492750,"minecraft:drop":30,"minecraft:play_time":127620,"minecraft:deaths":2,"minecraft:sneak_time":8,"minecraft:walk_under_water_one_cm":19145,"minecraft:jump":1299,"minecraft:walk_on_water_one_cm":13649,"minecraft:total_world_time":127620,"minecraft:interact_with_furnace":28,"minecraft:sleep_in_bed":7,"minecraft:time_since_rest":748,"minecraft:damage_taken":839,"minecraft:damage_dealt":2810,"minecraft:swim_one_cm":1248,"minecraft:fly_one_cm":58981,"minecraft:open_chest":16,"minecraft:fall_one_cm":18715},"minecraft:dropped":{"minecraft:lilac":4,"minecraft:mossy_cobblestone":3,"minecraft:dark_oak_sapling":6,"minecraft:cobblestone":164,"minecraft:coal":6,"minecraft:flint":1,"minecraft:dirt":16,"minecraft:dark_oak_log":10,"minecraft:diorite":2,"minecraft:wooden_hoe":1,"minecraft:wooden_axe":1,"gravestone:obituary":1,"minecraft:spruce_sapling":1,"minecraft:stone_brick_slab":1,"biomesoplenty:toadstool":1,"minecraft:stone_axe":1,"minecraft:cocoa_beans":3,"minecraft:peony":8,"minecraft:stone_bricks":2,"minecraft:spruce_log":8,"minecraft:stone_pickaxe":1,"minecraft:wooden_pickaxe":1,"minecraft:stone_brick_stairs":2,"minecraft:netherrack":7},"minecraft:killed_by":{"minecraft:player":1},"minecraft:crafted":{"minecraft:oak_door":3,"minecraft:oak_planks":208,"minecraft:cooked_chicken":2,"minecraft:furnace":2,"minecraft:cooked_mutton":12,"minecraft:iron_boots":1,"minecraft:stone_pickaxe":20,"minecraft:chest":4,"minecraft:cooked_beef":3,"minecraft:cooked_porkchop":11,"minecraft:crafting_table":4,"minecraft:spruce_planks":20,"minecraft:wooden_pickaxe":2,"minecraft:iron_helmet":1,"minecraft:oak_wood":3,"minecraft:birch_planks":52,"minecraft:stone_axe":6,"minecraft:air":0,"minecraft:jungle_planks":6,"minecraft:oak_boat":1,"minecraft:jungle_door":3,"minecraft:wooden_hoe":1,"minecraft:iron_chestplate":1,"minecraft:stick":90,"minecraft:iron_ingot":29,"minecraft:iron_pickaxe":1,"minecraft:wooden_axe":1,"minecraft:iron_leggings":1,"minecraft:white_bed":1,"minecraft:torch":116},"minecraft:mined":{"minecraft:white_bed":1,"minecraft:mossy_cobblestone":3,"minecraft:cobblestone_stairs":7,"minecraft:dark_oak_log":11,"gravestone:gravestone":1,"biomesoplenty:bush":9,"minecraft:grass_block":29,"minecraft:jungle_log":2,"minecraft:large_fern":1,"minecraft:furnace":2,"biomesoplenty:toadstool":1,"minecraft:iron_ore":31,"minecraft:andesite":7,"minecraft:peony":5,"minecraft:vine":4,"minecraft:stone":1131,"minecraft:podzol":1,"minecraft:brown_mushroom":1,"minecraft:stone_brick_slab":1,"minecraft:crafting_table":4,"minecraft:chest":1,"minecraft:stone_slab":1,"minecraft:cobblestone":21,"minecraft:tall_grass":6,"minecraft:diorite":7,"minecraft:wall_torch":22,"minecraft:birch_log":13,"minecraft:lilac":6,"minecraft:spruce_log":16,"minecraft:birch_leaves":5,"minecraft:stone_brick_stairs":2,"minecraft:grass":18,"minecraft:oak_log":65,"minecraft:coal_ore":129,"minecraft:cocoa":1,"minecraft:dirt":45,"minecraft:gravel":11,"minecraft:stone_bricks":2,"minecraft:netherrack":7,"minecraft:oak_leaves":26,"minecraft:infested_stone":1,"minecraft:fern":4}},"DataVersion":3465}