{"stats":{"minecraft:broken":{"minecraft:stone_pickaxe":3},"minecraft:picked_up":{"minecraft:cocoa_beans":3,"minecraft:crafting_table":2,"minecraft:stick":2,"minecraft:raw_iron":8,"minecraft:jungle_log":2,"minecraft:torch":8,"minecraft:gravel":2,"minecraft:oak_log":20,"minecraft:diorite":6,"minecraft:cobblestone_stairs":6,"minecraft:dirt":37,"minecraft:mossy_cobblestone":3,"minecraft:wheat_seeds":1,"minecraft:oak_sapling":4,"minecraft:coal":70,"minecraft:cobblestone":392},"minecraft:used":{"minecraft:wooden_hoe":24,"minecraft:diorite":4,"minecraft:cobblestone_stairs":6,"minecraft:stone_pickaxe":529,"minecraft:wooden_pickaxe":24,"minecraft:torch":38,"minecraft:cobblestone":78,"minecraft:dirt":35,"minecraft:crafting_table":4,"minecraft:jungle_door":1},"minecraft:custom":{"minecraft:time_since_rest":48424,"minecraft:sprint_one_cm":333,"minecraft:damage_taken":479,"minecraft:walk_one_cm":89095,"minecraft:damage_dealt":85,"minecraft:interact_with_crafting_table":6,"minecraft:fly_one_cm":436,"minecraft:play_time":50415,"minecraft:deaths":1,"minecraft:sneak_time":6,"minecraft:walk_under_water_one_cm":5926,"minecraft:jump":299,"minecraft:leave_game":1,"minecraft:walk_on_water_one_cm":12534,"minecraft:time_since_death":48094,"minecraft:climb_one_cm":1065,"minecraft:total_world_time":50415,"minecraft:fall_one_cm":3989},"minecraft:killed_by":{"minecraft:player":1},"minecraft:crafted":{"minecraft:oak_planks":46,"minecraft:jungle_door":3,"minecraft:wooden_hoe":1,"minecraft:crafting_table":2,"minecraft:stick":16,"minecraft:wooden_pickaxe":1,"minecraft:stone_pickaxe":5,"minecraft:oak_wood":3,"minecraft:torch":32,"minecraft:jungle_planks":6},"minecraft:mined":{"minecraft:large_fern":1,"minecraft:mossy_cobblestone":3,"minecraft:iron_ore":10,"minecraft:cobblestone_stairs":7,"minecraft:crafting_table":2,"minecraft:grass":1,"minecraft:coal_ore":70,"minecraft:grass_block":11,"minecraft:oak_log":20,"minecraft:cocoa":1,"minecraft:vine":4,"minecraft:jungle_log":2,"minecraft:gravel":2,"minecraft:dirt":27,"minecraft:stone_slab":1,"minecraft:tall_grass":1,"minecraft:cobblestone":3,"minecraft:stone":401,"minecraft:diorite":7,"minecraft:oak_leaves":24,"minecraft:wall_torch":10,"minecraft:infested_stone":1,"minecraft:fern":4}},"DataVersion":3465}