{"stats":{"minecraft:picked_up":{"minecraft:stick":2,"minecraft:oak_log":16,"minecraft:oak_sapling":3,"minecraft:dirt":3},"minecraft:used":{"minecraft:crafting_table":1},"minecraft:custom":{"minecraft:time_since_rest":8935,"minecraft:walk_one_cm":15719,"minecraft:play_time":10926,"minecraft:damage_taken":274,"minecraft:deaths":1,"minecraft:sneak_time":6,"minecraft:walk_under_water_one_cm":5926,"minecraft:jump":108,"minecraft:damage_dealt":47,"minecraft:time_since_death":8605,"minecraft:walk_on_water_one_cm":12534,"minecraft:total_world_time":10926,"minecraft:climb_one_cm":686,"minecraft:interact_with_crafting_table":1,"minecraft:fly_one_cm":298,"minecraft:fall_one_cm":741},"minecraft:killed_by":{"minecraft:player":1},"minecraft:crafted":{"minecraft:oak_planks":16,"minecraft:crafting_table":1,"minecraft:stick":2,"minecraft:wooden_pickaxe":1},"minecraft:mined":{"minecraft:large_fern":1,"minecraft:grass":1,"minecraft:grass_block":3,"minecraft:oak_log":16,"minecraft:oak_leaves":12,"minecraft:fern":3}},"DataVersion":3465}