{"stats":{"minecraft:killed":{"minecraft:chicken":2,"minecraft:pig":10,"minecraft:sheep":17,"minecraft:cow":3},"minecraft:broken":{"minecraft:stone_pickaxe":14,"minecraft:stone_axe":1},"minecraft:picked_up":{"minecraft:cocoa_beans":3,"minecraft:crafting_table":4,"minecraft:chicken":2,"minecraft:brown_mushroom":1,"minecraft:wooden_pickaxe":1,"minecraft:stone_brick_stairs":4,"gravestone:obituary":1,"minecraft:raw_copper":89,"minecraft:spruce_planks":12,"minecraft:beef":13,"minecraft:oak_boat":1,"minecraft:light_gray_wool":2,"minecraft:chest":1,"minecraft:furnace":1,"minecraft:dark_oak_sapling":6,"minecraft:stick":13,"minecraft:raw_iron":35,"minecraft:sandstone":1,"minecraft:torch":38,"minecraft:porkchop":22,"minecraft:diorite":41,"minecraft:peony":8,"minecraft:mutton":28,"minecraft:white_wool":13,"minecraft:cobblestone":1749,"minecraft:birch_log":13,"minecraft:feather":3,"minecraft:lilac":4,"minecraft:andesite":11,"minecraft:jungle_log":2,"minecraft:leather":4,"minecraft:flint":2,"minecraft:oak_log":57,"minecraft:cobblestone_stairs":6,"minecraft:dirt":93,"minecraft:apple":1,"minecraft:stone_bricks":2,"minecraft:wheat_seeds":4,"minecraft:stone_pickaxe":2,"biomesoplenty:toadstool":1,"minecraft:stone_brick_slab":2,"minecraft:gravel":20,"minecraft:sand":27,"minecraft:spruce_sapling":2,"minecraft:white_bed":1,"minecraft:spruce_log":29,"minecraft:dark_oak_log":11,"minecraft:mossy_cobblestone":3,"minecraft:stone_axe":1,"minecraft:granite":1,"minecraft:oak_sapling":4,"minecraft:netherrack":7,"minecraft:black_wool":3,"minecraft:coal":252,"iceandfire:raw_silver":2},"minecraft:used":{"minecraft:chest":5,"minecraft:oak_door":1,"minecraft:torch":209,"minecraft:dirt":73,"minecraft:granite":1,"minecraft:glass":8,"minecraft:wooden_axe":34,"minecraft:furnace":3,"minecraft:cooked_beef":3,"minecraft:diorite":12,"minecraft:cobblestone_stairs":6,"minecraft:stone_pickaxe":2268,"minecraft:birch_boat":1,"minecraft:wooden_pickaxe":47,"minecraft:crafting_table":8,"minecraft:white_bed":2,"minecraft:wooden_hoe":24,"minecraft:dark_oak_log":1,"minecraft:iron_pickaxe":3,"minecraft:stone_axe":200,"minecraft:cobblestone":443,"minecraft:cooked_porkchop":3,"minecraft:jungle_door":2,"minecraft:oak_boat":2},"minecraft:custom":{"minecraft:mob_kills":32,"minecraft:interact_with_crafting_table":48,"minecraft:leave_game":8,"minecraft:time_since_death":954,"minecraft:climb_one_cm":1065,"minecraft:sprint_one_cm":48659,"minecraft:walk_one_cm":584074,"minecraft:drop":40,"minecraft:play_time":177615,"minecraft:deaths":5,"minecraft:sneak_time":8,"minecraft:walk_under_water_one_cm":20578,"minecraft:boat_one_cm":189405,"minecraft:jump":1605,"minecraft:walk_on_water_one_cm":17023,"minecraft:total_world_time":177615,"minecraft:interact_with_furnace":44,"minecraft:sleep_in_bed":8,"minecraft:time_since_rest":1003,"minecraft:damage_taken":1685,"minecraft:damage_dealt":2810,"minecraft:swim_one_cm":1248,"minecraft:fly_one_cm":78016,"minecraft:open_chest":33,"minecraft:fall_one_cm":23837},"minecraft:dropped":{"iceandfire:raw_silver":1,"minecraft:wheat_seeds":1,"minecraft:lilac":4,"minecraft:mossy_cobblestone":3,"minecraft:dark_oak_sapling":6,"minecraft:cobblestone":172,"minecraft:coal":6,"minecraft:flint":1,"minecraft:dirt":16,"minecraft:dark_oak_log":10,"minecraft:diorite":29,"minecraft:torch":1,"minecraft:wooden_hoe":1,"minecraft:wooden_axe":1,"gravestone:obituary":2,"minecraft:spruce_sapling":1,"minecraft:stone_brick_slab":1,"minecraft:gravel":10,"biomesoplenty:toadstool":1,"minecraft:stone_axe":1,"minecraft:cocoa_beans":3,"minecraft:peony":8,"minecraft:stone_bricks":2,"minecraft:spruce_log":8,"minecraft:wooden_pickaxe":1,"minecraft:stone_pickaxe":1,"minecraft:stone_brick_stairs":2,"minecraft:netherrack":7},"minecraft:killed_by":{"minecraft:player":2,"iceandfire:sea_serpent":2},"minecraft:crafted":{"minecraft:oak_door":3,"minecraft:oak_planks":208,"minecraft:birch_boat":1,"minecraft:cooked_chicken":2,"minecraft:furnace":2,"minecraft:cooked_mutton":12,"minecraft:glass":18,"minecraft:iron_boots":1,"minecraft:iron_axe":1,"minecraft:stone_pickaxe":20,"minecraft:chest":4,"minecraft:cooked_beef":3,"minecraft:cooked_porkchop":11,"minecraft:crafting_table":4,"minecraft:spruce_planks":20,"minecraft:wooden_pickaxe":2,"minecraft:iron_helmet":1,"minecraft:copper_ingot":34,"minecraft:bucket":1,"minecraft:oak_wood":3,"minecraft:birch_planks":52,"minecraft:stone_axe":6,"minecraft:air":0,"minecraft:jungle_planks":6,"minecraft:oak_boat":1,"minecraft:jungle_door":3,"minecraft:wooden_hoe":1,"minecraft:iron_chestplate":1,"minecraft:stick":114,"minecraft:iron_ingot":35,"minecraft:iron_pickaxe":1,"minecraft:wooden_axe":1,"minecraft:iron_leggings":1,"minecraft:white_bed":1,"minecraft:torch":198},"minecraft:mined":{"minecraft:white_bed":1,"iceandfire:silver_ore":1,"minecraft:mossy_cobblestone":3,"minecraft:cobblestone_stairs":7,"minecraft:dark_oak_log":11,"minecraft:glow_lichen":1,"minecraft:granite":1,"gravestone:gravestone":2,"biomesoplenty:bush":9,"minecraft:grass_block":30,"minecraft:jungle_log":2,"minecraft:sandstone":1,"minecraft:large_fern":1,"minecraft:tall_seagrass":1,"minecraft:furnace":2,"biomesoplenty:toadstool":1,"minecraft:iron_ore":35,"minecraft:andesite":12,"minecraft:peony":5,"minecraft:vine":4,"minecraft:stone":1723,"minecraft:podzol":1,"minecraft:brown_mushroom":1,"minecraft:stone_brick_slab":1,"minecraft:crafting_table":4,"minecraft:chest":1,"minecraft:stone_slab":1,"minecraft:tall_grass":6,"minecraft:copper_ore":27,"minecraft:cobblestone":31,"minecraft:diorite":40,"minecraft:wall_torch":40,"minecraft:birch_log":13,"minecraft:lilac":6,"minecraft:spruce_log":16,"minecraft:birch_leaves":5,"minecraft:stone_brick_stairs":2,"minecraft:grass":18,"minecraft:oak_log":65,"minecraft:coal_ore":224,"minecraft:cocoa":1,"minecraft:gravel":16,"minecraft:sand":32,"minecraft:dirt":49,"minecraft:stone_bricks":2,"minecraft:netherrack":7,"minecraft:oak_leaves":26,"minecraft:infested_stone":1,"minecraft:fern":4}},"DataVersion":3465}