{"stats":{"minecraft:killed":{"minecraft:pig":10,"minecraft:sheep":11,"minecraft:chicken":2,"minecraft:cow":1},"minecraft:broken":{"minecraft:stone_pickaxe":9,"minecraft:stone_axe":1},"minecraft:picked_up":{"minecraft:birch_log":13,"minecraft:cocoa_beans":3,"minecraft:crafting_table":4,"minecraft:feather":3,"minecraft:lilac":4,"minecraft:chicken":2,"minecraft:jungle_log":2,"minecraft:leather":2,"minecraft:brown_mushroom":1,"minecraft:oak_log":51,"minecraft:cobblestone_stairs":6,"minecraft:dirt":78,"minecraft:apple":1,"minecraft:wheat_seeds":3,"minecraft:beef":3,"minecraft:light_gray_wool":1,"minecraft:chest":1,"minecraft:furnace":1,"biomesoplenty:toadstool":1,"minecraft:dark_oak_sapling":6,"minecraft:stick":12,"minecraft:raw_iron":29,"minecraft:torch":14,"minecraft:gravel":2,"minecraft:porkchop":22,"minecraft:diorite":6,"minecraft:white_bed":1,"minecraft:dark_oak_log":11,"minecraft:mossy_cobblestone":3,"minecraft:peony":8,"minecraft:oak_sapling":4,"minecraft:black_wool":1,"minecraft:mutton":20,"minecraft:coal":137,"minecraft:white_wool":9,"minecraft:cobblestone":1067},"minecraft:used":{"minecraft:diorite":4,"minecraft:cobblestone_stairs":6,"minecraft:stone_pickaxe":1298,"minecraft:chest":3,"minecraft:wooden_pickaxe":24,"minecraft:torch":110,"minecraft:dirt":40,"minecraft:crafting_table":7,"minecraft:white_bed":1,"minecraft:wooden_hoe":24,"minecraft:dark_oak_log":1,"minecraft:stone_axe":200,"minecraft:cobblestone":206,"minecraft:furnace":2,"minecraft:cooked_porkchop":1,"minecraft:jungle_door":2,"minecraft:cooked_beef":3},"minecraft:custom":{"minecraft:interact_with_furnace":23,"minecraft:mob_kills":24,"minecraft:interact_with_crafting_table":35,"minecraft:leave_game":3,"minecraft:time_since_death":89836,"minecraft:sleep_in_bed":4,"minecraft:climb_one_cm":1065,"minecraft:time_since_rest":6792,"minecraft:sprint_one_cm":27004,"minecraft:damage_taken":519,"minecraft:walk_one_cm":423974,"minecraft:drop":17,"minecraft:damage_dealt":2131,"minecraft:fly_one_cm":38527,"minecraft:open_chest":12,"minecraft:play_time":92157,"minecraft:deaths":1,"minecraft:sneak_time":8,"minecraft:walk_under_water_one_cm":5926,"minecraft:jump":991,"minecraft:walk_on_water_one_cm":12534,"minecraft:total_world_time":92157,"minecraft:fall_one_cm":12339},"minecraft:dropped":{"biomesoplenty:toadstool":1,"minecraft:lilac":4,"minecraft:cocoa_beans":3,"minecraft:mossy_cobblestone":3,"minecraft:dark_oak_sapling":6,"minecraft:cobblestone":164,"minecraft:coal":6,"minecraft:dirt":16,"minecraft:diorite":2,"minecraft:wooden_hoe":1,"minecraft:peony":8},"minecraft:killed_by":{"minecraft:player":1},"minecraft:crafted":{"minecraft:cooked_beef":3,"minecraft:oak_planks":184,"minecraft:cooked_porkchop":11,"minecraft:crafting_table":4,"minecraft:iron_helmet":1,"minecraft:wooden_pickaxe":1,"minecraft:cooked_chicken":2,"minecraft:furnace":2,"minecraft:oak_wood":3,"minecraft:birch_planks":52,"minecraft:stone_axe":6,"minecraft:air":0,"minecraft:jungle_planks":6,"minecraft:oak_boat":1,"minecraft:jungle_door":3,"minecraft:wooden_hoe":1,"minecraft:iron_boots":1,"minecraft:iron_chestplate":1,"minecraft:stick":78,"minecraft:iron_ingot":29,"minecraft:iron_pickaxe":1,"minecraft:stone_pickaxe":18,"minecraft:chest":2,"minecraft:iron_leggings":1,"minecraft:white_bed":1,"minecraft:torch":110},"minecraft:mined":{"minecraft:white_bed":1,"minecraft:brown_mushroom":1,"minecraft:mossy_cobblestone":3,"minecraft:cobblestone_stairs":7,"minecraft:dark_oak_log":11,"minecraft:crafting_table":4,"biomesoplenty:bush":9,"minecraft:grass_block":19,"minecraft:chest":1,"minecraft:jungle_log":2,"minecraft:stone_slab":1,"minecraft:tall_grass":6,"minecraft:cobblestone":17,"minecraft:diorite":7,"minecraft:wall_torch":16,"minecraft:large_fern":1,"minecraft:furnace":2,"biomesoplenty:toadstool":1,"minecraft:birch_log":13,"minecraft:iron_ore":29,"minecraft:lilac":6,"minecraft:birch_leaves":5,"minecraft:peony":5,"minecraft:grass":17,"minecraft:oak_log":58,"minecraft:coal_ore":107,"minecraft:cocoa":1,"minecraft:vine":4,"minecraft:gravel":2,"minecraft:dirt":44,"minecraft:stone":1019,"minecraft:oak_leaves":26,"minecraft:infested_stone":1,"minecraft:fern":4,"minecraft:podzol":1}},"DataVersion":3465}