{"stats":{"minecraft:mined":{"minecraft:podzol":1,"minecraft:grass":1,"biomesoplenty:bush":2,"gravestone:gravestone":3},"minecraft:picked_up":{"minecraft:wooden_axe":1,"minecraft:arrow":64,"minecraft:bow":1,"gravestone:obituary":3},"minecraft:custom":{"minecraft:time_since_rest":289,"minecraft:crouch_one_cm":119,"minecraft:play_time":5155,"minecraft:sprint_one_cm":1586,"minecraft:walk_one_cm":25202,"minecraft:damage_taken":918,"minecraft:deaths":3,"minecraft:sneak_time":26,"minecraft:drop":3,"minecraft:jump":61,"minecraft:damage_dealt":76,"minecraft:time_since_death":222,"minecraft:total_world_time":5155,"minecraft:fall_one_cm":282,"minecraft:fly_one_cm":2446,"minecraft:player_kills":2},"minecraft:dropped":{"gravestone:obituary":3},"minecraft:used":{"minecraft:bow":39},"minecraft:killed_by":{"minecraft:player":3}},"DataVersion":3465}