{"stats":{"minecraft:killed":{"iceandfire:hippogryph":1,"minecraft:spider":2,"minecraft:skeleton":1,"iceandfire:fire_dragon":1,"ecologics:coconut_crab":1,"minecraft:pig":8,"minecraft:sheep":3,"minecraft:zombie":4,"ecologics:squirrel":1,"minecraft:cow":26},"minecraft:broken":{"minecraft:iron_boots":1,"minecraft:iron_leggings":1,"minecraft:shield":1,"minecraft:golden_axe":1,"minecraft:iron_axe":1,"minecraft:stone_axe":1,"minecraft:iron_pickaxe":1,"minecraft:iron_helmet":1},"minecraft:picked_up":{"minecraft:wooden_axe":1,"iceandfire:dragon_skull_lightning":1,"minecraft:iron_chestplate":4,"minecraft:crafting_table":9,"minecraft:allium":2,"minecraft:chicken":1,"minecraft:clay_ball":5,"minecraft:ladder":1,"minecraft:anvil":1,"minecraft:smithing_table":1,"ecologics:seashell":1,"minecraft:oak_stairs":21,"minecraft:stone_brick_wall":10,"minecraft:stone_brick_stairs":1,"gravestone:obituary":22,"minecraft:string":1,"minecraft:raw_copper":3,"minecraft:iron_leggings":4,"minecraft:item_frame":1,"minecraft:armor_stand":4,"biomesoplenty:tall_lavender":3,"minecraft:white_carpet":2,"minecraft:iron_shovel":2,"minecraft:oak_sign":1,"minecraft:gold_nugget":1742,"minecraft:beef":41,"minecraft:redstone_torch":1,"minecraft:melon_slice":36,"minecraft:coal_block":8,"minecraft:chest":2,"minecraft:furnace":4,"ecologics:crab_claw":1,"minecraft:iron_boots":4,"minecraft:egg":3,"minecraft:stick":5,"iceandfire:dragonbone":19,"minecraft:oak_door":1,"ecologics:coconut_slice":2,"minecraft:oak_fence":2,"minecraft:torch":2,"iceandfire:chared_grass":1,"minecraft:spruce_stairs":1,"minecraft:porkchop":27,"minecraft:white_dye":2,"minecraft:stone_button":46,"travelersbackpack:iron":1,"minecraft:tnt":1,"iceandfire:silver_ingot":2,"minecraft:arrow":2,"biomesoplenty:blue_hydrangea":1,"minecraft:rotten_flesh":4,"ecologics:coconut_log":7,"iceandfire:fire_dragon_heart":1,"minecraft:iron_block":3,"minecraft:gold_ingot":2,"minecraft:mutton":5,"minecraft:white_wool":6,"minecraft:cobblestone":57,"biomesoplenty:lavender":34,"minecraft:lilac":5,"minecraft:jungle_log":9,"minecraft:leather":28,"minecraft:potato":1,"minecraft:oak_log":18,"minecraft:dirt":30,"iceandfire:dragonscales_bronze":8,"minecraft:lantern":6,"minecraft:glass":12,"minecraft:stone_bricks":10,"minecraft:wheat_seeds":9,"minecraft:iron_ingot":2,"minecraft:stone_pickaxe":2,"iceandfire:fire_dragon_flesh":2,"minecraft:oak_planks":15,"minecraft:book":30,"minecraft:oak_slab":6,"minecraft:cooked_porkchop":2,"iceandfire:ash":2,"iceandfire:dragon_skull_fire":1,"minecraft:sand":59,"ecologics:coconut_husk":2,"minecraft:white_bed":11,"minecraft:dark_oak_log":2,"minecraft:dark_oak_fence_gate":1,"minecraft:spider_eye":1,"minecraft:leather_helmet":2,"biomesoplenty:flowering_oak_sapling":1,"minecraft:brick_slab":4,"travelersbackpack:standard":1,"minecraft:writable_book":1,"minecraft:iron_helmet":4,"minecraft:gray_wool":6,"minecraft:spruce_button":8,"minecraft:emerald":1,"iceandfire:chared_gravel":1,"minecraft:oak_sapling":6,"minecraft:damaged_anvil":1,"iceandfire:silver_nugget":10,"minecraft:coal":199},"minecraft:used":{"minecraft:writable_book":1,"minecraft:iron_shovel":30,"minecraft:chest":2,"minecraft:shield":27,"minecraft:iron_sword":34,"minecraft:dirt":13,"iceandfire:pixie_dust":1,"travelersbackpack:iron":1,"minecraft:wooden_axe":23,"minecraft:iron_axe":155,"minecraft:iron_boots":1,"minecraft:stone_bricks":2,"minecraft:furnace":3,"minecraft:egg":1,"minecraft:cooked_beef":7,"minecraft:golden_axe":17,"minecraft:iron_leggings":1,"minecraft:cooked_mutton":3,"minecraft:water_bucket":10,"minecraft:stone_pickaxe":60,"minecraft:oak_planks":4,"minecraft:wooden_pickaxe":15,"minecraft:golden_apple":3,"minecraft:crafting_table":11,"minecraft:white_bed":11,"iceandfire:armor_bronze_chestplate":1,"minecraft:oak_log":1,"minecraft:bread":26,"minecraft:melon_slice":30,"minecraft:iron_pickaxe":300,"ecologics:coconut_slice":2,"minecraft:stone_axe":176,"minecraft:cobblestone":3,"travelersbackpack:standard":3,"minecraft:cooked_porkchop":14,"minecraft:smithing_table":1,"iceandfire:chared_grass":1,"minecraft:bucket":9},"minecraft:custom":{"minecraft:interact_with_smithing_table":7,"minecraft:interact_with_anvil":2,"minecraft:mob_kills":48,"minecraft:interact_with_crafting_table":29,"minecraft:open_barrel":5,"minecraft:leave_game":8,"minecraft:time_since_death":40225,"minecraft:climb_one_cm":11461,"minecraft:sprint_one_cm":1179511,"minecraft:damage_blocked_by_shield":705,"minecraft:walk_one_cm":495184,"minecraft:drop":155,"minecraft:talked_to_villager":9,"minecraft:play_time":194006,"minecraft:sneak_time":1525,"minecraft:deaths":41,"minecraft:walk_under_water_one_cm":56433,"minecraft:jump":4728,"minecraft:walk_on_water_one_cm":36767,"minecraft:total_world_time":194006,"minecraft:interact_with_furnace":21,"minecraft:traded_with_villager":3,"minecraft:sleep_in_bed":15,"minecraft:time_since_rest":14705,"minecraft:damage_absorbed":120,"minecraft:damage_taken":13547,"minecraft:damage_dealt":8542,"minecraft:swim_one_cm":97691,"minecraft:fly_one_cm":1253208,"minecraft:open_chest":73,"minecraft:crouch_one_cm":3334,"minecraft:interact_with_smoker":7,"minecraft:fall_one_cm":116712},"minecraft:dropped":{"minecraft:oak_slab":6,"minecraft:wheat_seeds":1,"minecraft:lilac":5,"minecraft:crafting_table":2,"minecraft:cooked_porkchop":2,"biomesoplenty:lavender":39,"minecraft:oak_fence":2,"minecraft:iron_helmet":3,"minecraft:lantern":5,"iceandfire:ectoplasm":1,"minecraft:spruce_button":8,"minecraft:spruce_stairs":1,"minecraft:leather_helmet":2,"minecraft:item_frame":1,"minecraft:stick":2,"minecraft:gray_wool":4,"minecraft:stone_button":29,"minecraft:torch":2,"minecraft:wooden_axe":2,"minecraft:iron_leggings":3,"minecraft:writable_book":1,"gravestone:obituary":61,"minecraft:oak_stairs":21,"minecraft:gold_nugget":8,"minecraft:sand":2,"minecraft:white_wool":2,"iceandfire:dragon_skull_fire":1,"minecraft:gold_ingot":44,"minecraft:oak_door":1,"iceandfire:silver_nugget":1,"minecraft:white_carpet":2,"minecraft:iron_boots":3,"minecraft:oak_sign":1,"minecraft:dark_oak_fence_gate":1,"minecraft:potato":1,"minecraft:iron_chestplate":4,"iceandfire:silver_ingot":3,"minecraft:stone_brick_wall":10,"biomesoplenty:blue_hydrangea":1,"minecraft:oak_sapling":6,"iceandfire:bestiary":1,"minecraft:redstone_torch":1,"minecraft:stone_bricks":7,"minecraft:stone_pickaxe":1,"ecologics:seashell":1,"minecraft:brick_slab":2,"biomesoplenty:tall_lavender":1},"minecraft:killed_by":{"minecraft:player":1,"minecraft:zombie":1,"iceandfire:fire_dragon":38},"minecraft:crafted":{"minecraft:oak_planks":68,"travelersbackpack:iron":1,"minecraft:coal":72,"travelersbackpack:crafting_upgrade":1,"ecologics:coconut_planks":28,"travelersbackpack:blank_upgrade":4,"minecraft:cooked_mutton":5,"minecraft:glass":35,"minecraft:iron_axe":2,"travelersbackpack:gray_sleeping_bag":1,"minecraft:stone_pickaxe":1,"minecraft:chest":3,"iceandfire:armor_bronze_chestplate":1,"minecraft:dark_oak_planks":8,"iceandfire:manuscript":12,"minecraft:cooked_beef":7,"minecraft:golden_axe":1,"travelersbackpack:bookshelf":1,"travelersbackpack:iron_tier_upgrade":1,"iceandfire:silver_ingot":1,"minecraft:cooked_porkchop":14,"minecraft:crafting_table":5,"travelersbackpack:backpack_tank":4,"minecraft:wooden_pickaxe":1,"travelersbackpack:standard":4,"minecraft:smithing_table":1,"minecraft:stone_axe":2,"minecraft:air":0,"minecraft:jungle_planks":36,"minecraft:golden_apple":15,"minecraft:shield":2,"minecraft:stick":20,"minecraft:iron_ingot":27,"minecraft:wooden_axe":2,"minecraft:iron_leggings":1,"minecraft:gold_ingot":186,"minecraft:white_bed":1,"minecraft:shears":1},"minecraft:mined":{"minecraft:white_bed":11,"minecraft:dark_oak_log":2,"gravestone:gravestone":36,"biomesoplenty:bush":2,"minecraft:grass_block":6,"minecraft:jungle_log":9,"minecraft:coal_block":9,"ecologics:coconut_log":7,"iceandfire:chared_grass":1,"biomesoplenty:tall_lavender":1,"minecraft:furnace":4,"minecraft:fire":26,"biomesoplenty:lavender":5,"iceandfire:chared_gravel":1,"minecraft:anvil":1,"minecraft:bookshelf":10,"iceandfire:gold_pile":180,"minecraft:oak_stairs":19,"minecraft:stone":57,"minecraft:iron_block":3,"minecraft:smithing_table":1,"travelersbackpack:standard":1,"minecraft:oak_fence":1,"minecraft:crafting_table":9,"minecraft:melon":7,"minecraft:chest":2,"minecraft:copper_ore":1,"minecraft:tall_grass":1,"minecraft:cobblestone":1,"biomesoplenty:sprout":27,"minecraft:oak_planks":6,"minecraft:damaged_anvil":1,"minecraft:spruce_stairs":2,"ecologics:seashell":1,"minecraft:lilac":2,"minecraft:white_carpet":4,"minecraft:tnt":1,"minecraft:grass":25,"minecraft:oak_log":4,"iceandfire:silver_pile":3,"minecraft:sand":48,"minecraft:dirt":24,"minecraft:stone_bricks":2,"minecraft:piston":1,"minecraft:oak_leaves":8,"biomesoplenty:reed":1,"minecraft:fern":47}},"DataVersion":3465}