{"stats":{"minecraft:killed":{"minecraft:spider":1,"ecologics:coconut_crab":1,"minecraft:pig":8,"minecraft:sheep":3,"minecraft:zombie":2,"ecologics:squirrel":1,"minecraft:cow":14},"minecraft:broken":{"minecraft:stone_axe":1},"minecraft:picked_up":{"minecraft:crafting_table":9,"minecraft:iron_chestplate":4,"minecraft:allium":2,"minecraft:clay_ball":5,"minecraft:ladder":1,"minecraft:anvil":1,"minecraft:smithing_table":1,"ecologics:seashell":1,"minecraft:oak_stairs":21,"minecraft:stone_brick_wall":3,"minecraft:stone_brick_stairs":1,"gravestone:obituary":7,"minecraft:raw_copper":3,"minecraft:white_carpet":2,"minecraft:iron_leggings":4,"minecraft:item_frame":1,"minecraft:armor_stand":4,"biomesoplenty:tall_lavender":3,"minecraft:iron_shovel":2,"minecraft:oak_sign":1,"minecraft:gold_nugget":44,"minecraft:beef":21,"minecraft:redstone_torch":1,"minecraft:melon_slice":36,"minecraft:coal_block":8,"minecraft:chest":1,"minecraft:furnace":4,"ecologics:crab_claw":1,"minecraft:iron_boots":4,"minecraft:egg":1,"minecraft:stick":1,"minecraft:oak_door":1,"ecologics:coconut_slice":2,"minecraft:oak_fence":2,"minecraft:torch":2,"minecraft:spruce_stairs":1,"minecraft:porkchop":27,"minecraft:white_dye":2,"minecraft:stone_button":23,"travelersbackpack:iron":1,"minecraft:tnt":1,"iceandfire:silver_ingot":2,"biomesoplenty:blue_hydrangea":1,"ecologics:coconut_log":7,"minecraft:iron_block":3,"minecraft:gold_ingot":2,"minecraft:mutton":5,"minecraft:white_wool":6,"minecraft:cobblestone":57,"biomesoplenty:lavender":18,"minecraft:jungle_log":9,"minecraft:leather":14,"minecraft:potato":1,"minecraft:oak_log":12,"minecraft:dirt":12,"minecraft:lantern":5,"minecraft:glass":12,"minecraft:stone_bricks":6,"minecraft:wheat_seeds":8,"minecraft:stone_pickaxe":2,"minecraft:iron_ingot":2,"minecraft:oak_planks":12,"minecraft:book":30,"minecraft:oak_slab":3,"iceandfire:ash":2,"ecologics:coconut_husk":2,"minecraft:sand":59,"minecraft:white_bed":8,"minecraft:spider_eye":1,"minecraft:leather_helmet":2,"biomesoplenty:flowering_oak_sapling":1,"minecraft:brick_slab":4,"travelersbackpack:standard":1,"minecraft:writable_book":1,"minecraft:iron_helmet":4,"minecraft:gray_wool":6,"minecraft:emerald":1,"minecraft:damaged_anvil":1,"iceandfire:silver_nugget":10,"minecraft:coal":199},"minecraft:used":{"minecraft:writable_book":1,"minecraft:iron_shovel":30,"minecraft:chest":2,"minecraft:shield":1,"minecraft:dirt":12,"iceandfire:pixie_dust":1,"minecraft:iron_axe":29,"minecraft:stone_bricks":2,"minecraft:furnace":3,"minecraft:egg":1,"minecraft:cooked_beef":2,"minecraft:cooked_mutton":3,"minecraft:stone_pickaxe":60,"minecraft:wooden_pickaxe":15,"minecraft:crafting_table":11,"minecraft:white_bed":9,"minecraft:oak_log":1,"minecraft:bread":12,"minecraft:melon_slice":30,"minecraft:iron_pickaxe":20,"ecologics:coconut_slice":2,"minecraft:stone_axe":176,"minecraft:cobblestone":3,"travelersbackpack:standard":3,"minecraft:cooked_porkchop":5,"minecraft:smithing_table":1},"minecraft:custom":{"minecraft:interact_with_smithing_table":7,"minecraft:interact_with_anvil":2,"minecraft:mob_kills":30,"minecraft:interact_with_crafting_table":29,"minecraft:open_barrel":5,"minecraft:leave_game":3,"minecraft:time_since_death":1368,"minecraft:climb_one_cm":11437,"minecraft:sprint_one_cm":695628,"minecraft:damage_blocked_by_shield":135,"minecraft:walk_one_cm":335326,"minecraft:drop":78,"minecraft:talked_to_villager":9,"minecraft:play_time":110342,"minecraft:deaths":11,"minecraft:sneak_time":387,"minecraft:walk_under_water_one_cm":4262,"minecraft:jump":2481,"minecraft:walk_on_water_one_cm":16003,"minecraft:total_world_time":110342,"minecraft:interact_with_furnace":21,"minecraft:traded_with_villager":3,"minecraft:sleep_in_bed":13,"minecraft:time_since_rest":1422,"minecraft:damage_taken":3765,"minecraft:damage_dealt":3605,"minecraft:swim_one_cm":87823,"minecraft:fly_one_cm":591995,"minecraft:open_chest":29,"minecraft:crouch_one_cm":1892,"minecraft:interact_with_smoker":7,"minecraft:fall_one_cm":62357},"minecraft:dropped":{"minecraft:oak_slab":3,"minecraft:crafting_table":2,"biomesoplenty:lavender":7,"minecraft:oak_fence":1,"minecraft:iron_helmet":3,"minecraft:lantern":4,"minecraft:spruce_stairs":1,"minecraft:leather_helmet":2,"minecraft:item_frame":1,"minecraft:gray_wool":4,"minecraft:stone_button":6,"minecraft:torch":2,"minecraft:writable_book":1,"minecraft:iron_leggings":3,"gravestone:obituary":18,"minecraft:oak_stairs":21,"minecraft:gold_nugget":8,"minecraft:sand":2,"minecraft:white_wool":2,"minecraft:gold_ingot":44,"minecraft:oak_door":1,"iceandfire:silver_nugget":1,"minecraft:white_carpet":2,"minecraft:iron_boots":3,"minecraft:oak_sign":1,"minecraft:potato":1,"minecraft:iron_chestplate":3,"iceandfire:silver_ingot":3,"minecraft:stone_brick_wall":2,"biomesoplenty:blue_hydrangea":1,"iceandfire:bestiary":1,"minecraft:redstone_torch":1,"minecraft:stone_bricks":3,"minecraft:stone_pickaxe":1,"ecologics:seashell":1,"minecraft:brick_slab":2,"biomesoplenty:tall_lavender":1},"minecraft:killed_by":{"minecraft:player":1,"iceandfire:fire_dragon":10},"minecraft:crafted":{"minecraft:oak_planks":12,"travelersbackpack:iron":1,"minecraft:coal":72,"travelersbackpack:crafting_upgrade":1,"ecologics:coconut_planks":28,"travelersbackpack:blank_upgrade":4,"minecraft:cooked_mutton":5,"minecraft:glass":35,"travelersbackpack:gray_sleeping_bag":1,"minecraft:iron_axe":1,"minecraft:stone_pickaxe":1,"minecraft:chest":3,"iceandfire:manuscript":12,"minecraft:cooked_beef":7,"travelersbackpack:bookshelf":1,"travelersbackpack:iron_tier_upgrade":1,"iceandfire:silver_ingot":1,"minecraft:cooked_porkchop":14,"minecraft:crafting_table":5,"travelersbackpack:backpack_tank":4,"minecraft:wooden_pickaxe":1,"travelersbackpack:standard":4,"minecraft:smithing_table":1,"minecraft:stone_axe":2,"minecraft:air":0,"minecraft:jungle_planks":36,"minecraft:shield":1,"minecraft:stick":12,"minecraft:iron_ingot":27,"minecraft:gold_ingot":4,"minecraft:white_bed":1,"minecraft:shears":1},"minecraft:mined":{"minecraft:white_bed":8,"gravestone:gravestone":11,"minecraft:grass_block":2,"minecraft:jungle_log":9,"minecraft:coal_block":9,"ecologics:coconut_log":7,"biomesoplenty:tall_lavender":1,"minecraft:furnace":4,"minecraft:fire":5,"biomesoplenty:lavender":4,"minecraft:anvil":1,"minecraft:bookshelf":10,"iceandfire:gold_pile":8,"minecraft:oak_stairs":19,"minecraft:stone":57,"minecraft:iron_block":3,"minecraft:smithing_table":1,"travelersbackpack:standard":1,"minecraft:oak_fence":1,"minecraft:crafting_table":9,"minecraft:melon":7,"minecraft:chest":1,"minecraft:tall_grass":1,"minecraft:copper_ore":1,"minecraft:cobblestone":1,"biomesoplenty:sprout":27,"minecraft:oak_planks":6,"minecraft:damaged_anvil":1,"minecraft:spruce_stairs":2,"ecologics:seashell":1,"minecraft:white_carpet":4,"minecraft:tnt":1,"minecraft:grass":24,"minecraft:oak_log":4,"iceandfire:silver_pile":3,"minecraft:sand":48,"minecraft:dirt":10,"minecraft:stone_bricks":2,"minecraft:piston":1,"minecraft:oak_leaves":8,"minecraft:fern":47,"biomesoplenty:reed":1}},"DataVersion":3465}