{"stats":{"minecraft:killed":{"minecraft:pig":8,"minecraft:spider":1,"minecraft:sheep":3,"minecraft:zombie":2,"ecologics:squirrel":1,"minecraft:cow":9},"minecraft:broken":{"minecraft:stone_axe":1},"minecraft:picked_up":{"minecraft:crafting_table":5,"minecraft:iron_chestplate":4,"minecraft:anvil":1,"minecraft:jungle_log":9,"minecraft:leather":7,"ecologics:seashell":1,"minecraft:oak_stairs":19,"minecraft:potato":1,"minecraft:stone_brick_stairs":1,"minecraft:oak_log":4,"minecraft:dirt":12,"minecraft:lantern":1,"minecraft:raw_copper":3,"minecraft:iron_shovel":1,"minecraft:item_frame":1,"minecraft:iron_leggings":4,"minecraft:armor_stand":4,"minecraft:white_carpet":2,"minecraft:stone_bricks":3,"minecraft:wheat_seeds":8,"minecraft:gold_nugget":44,"minecraft:beef":10,"minecraft:stone_pickaxe":2,"minecraft:iron_ingot":2,"minecraft:melon_slice":32,"minecraft:coal_block":8,"minecraft:oak_planks":6,"minecraft:iron_boots":4,"minecraft:furnace":2,"minecraft:book":30,"minecraft:oak_fence":1,"minecraft:spruce_stairs":1,"minecraft:sand":28,"minecraft:porkchop":27,"minecraft:white_dye":2,"iceandfire:silver_ingot":1,"minecraft:white_bed":5,"minecraft:tnt":1,"minecraft:spider_eye":1,"minecraft:leather_helmet":2,"minecraft:brick_slab":4,"biomesoplenty:blue_hydrangea":1,"minecraft:writable_book":1,"ecologics:coconut_log":7,"minecraft:iron_helmet":4,"minecraft:iron_block":3,"minecraft:emerald":1,"minecraft:gold_ingot":2,"iceandfire:silver_nugget":10,"minecraft:damaged_anvil":1,"minecraft:mutton":5,"minecraft:coal":107,"minecraft:white_wool":3,"minecraft:cobblestone":57},"minecraft:custom":{"minecraft:interact_with_furnace":14,"minecraft:interact_with_anvil":2,"minecraft:mob_kills":24,"minecraft:traded_with_villager":3,"minecraft:interact_with_crafting_table":9,"minecraft:open_barrel":5,"minecraft:time_since_death":18634,"minecraft:sleep_in_bed":9,"minecraft:climb_one_cm":10941,"minecraft:time_since_rest":792,"minecraft:sprint_one_cm":494008,"minecraft:damage_taken":740,"minecraft:walk_one_cm":242444,"minecraft:drop":30,"minecraft:damage_dealt":2595,"minecraft:swim_one_cm":48150,"minecraft:talked_to_villager":7,"minecraft:fly_one_cm":371179,"minecraft:open_chest":23,"minecraft:crouch_one_cm":1436,"minecraft:play_time":56221,"minecraft:deaths":1,"minecraft:sneak_time":133,"minecraft:walk_under_water_one_cm":1918,"minecraft:jump":1661,"minecraft:walk_on_water_one_cm":10964,"minecraft:total_world_time":56221,"minecraft:interact_with_smoker":7,"minecraft:fall_one_cm":43933},"minecraft:used":{"minecraft:cooked_mutton":2,"minecraft:writable_book":1,"minecraft:stone_pickaxe":60,"minecraft:wooden_pickaxe":15,"minecraft:dirt":12,"minecraft:crafting_table":7,"iceandfire:pixie_dust":1,"minecraft:white_bed":5,"minecraft:oak_log":1,"minecraft:melon_slice":26,"minecraft:bread":12,"minecraft:iron_pickaxe":18,"minecraft:stone_bricks":2,"minecraft:stone_axe":157,"minecraft:cobblestone":3,"minecraft:furnace":2,"minecraft:cooked_beef":1},"minecraft:dropped":{"iceandfire:silver_nugget":1,"minecraft:crafting_table":1,"minecraft:oak_fence":1,"minecraft:white_carpet":2,"minecraft:iron_helmet":3,"minecraft:iron_boots":3,"minecraft:spruce_stairs":1,"minecraft:leather_helmet":2,"minecraft:item_frame":1,"minecraft:potato":1,"minecraft:iron_chestplate":3,"iceandfire:silver_ingot":1,"minecraft:oak_stairs":13,"biomesoplenty:blue_hydrangea":1,"minecraft:iron_leggings":3,"gravestone:obituary":1,"minecraft:writable_book":1,"minecraft:sand":2,"minecraft:stone_pickaxe":1,"ecologics:seashell":1,"minecraft:brick_slab":2},"minecraft:killed_by":{"minecraft:player":1},"minecraft:crafted":{"minecraft:cooked_beef":7,"minecraft:oak_planks":12,"minecraft:coal":72,"iceandfire:silver_ingot":1,"minecraft:cooked_porkchop":14,"minecraft:crafting_table":3,"ecologics:coconut_planks":28,"travelersbackpack:backpack_tank":1,"minecraft:wooden_pickaxe":1,"minecraft:stone_axe":2,"minecraft:cooked_mutton":5,"minecraft:air":0,"minecraft:jungle_planks":36,"minecraft:glass":10,"minecraft:shield":1,"minecraft:gold_ingot":4,"minecraft:stick":8,"minecraft:iron_ingot":27,"minecraft:stone_pickaxe":1,"minecraft:white_bed":1,"iceandfire:manuscript":12},"minecraft:mined":{"minecraft:white_bed":5,"minecraft:oak_fence":1,"minecraft:crafting_table":5,"gravestone:gravestone":3,"minecraft:grass_block":2,"minecraft:melon":6,"minecraft:jungle_log":9,"minecraft:tall_grass":1,"minecraft:coal_block":9,"minecraft:copper_ore":1,"minecraft:cobblestone":1,"ecologics:coconut_log":7,"biomesoplenty:sprout":27,"minecraft:oak_planks":6,"minecraft:damaged_anvil":1,"minecraft:spruce_stairs":2,"minecraft:furnace":2,"ecologics:seashell":1,"minecraft:white_carpet":4,"minecraft:tnt":1,"minecraft:bookshelf":10,"minecraft:anvil":1,"minecraft:grass":23,"iceandfire:silver_pile":3,"minecraft:oak_log":4,"iceandfire:gold_pile":8,"minecraft:oak_stairs":19,"minecraft:sand":17,"minecraft:dirt":10,"minecraft:stone":57,"minecraft:stone_bricks":2,"minecraft:iron_block":3,"minecraft:piston":1,"minecraft:oak_leaves":8,"biomesoplenty:reed":1,"minecraft:fern":47}},"DataVersion":3465}