{"stats":{"minecraft:killed":{"minecraft:pig":8,"minecraft:spider":1,"minecraft:sheep":3,"minecraft:zombie":2},"minecraft:picked_up":{"minecraft:crafting_table":5,"minecraft:iron_chestplate":4,"minecraft:anvil":1,"minecraft:jungle_log":9,"minecraft:potato":1,"minecraft:stone_brick_stairs":1,"minecraft:oak_log":4,"minecraft:dirt":12,"minecraft:lantern":1,"minecraft:raw_copper":3,"minecraft:item_frame":1,"minecraft:iron_leggings":4,"minecraft:armor_stand":4,"minecraft:white_carpet":2,"minecraft:stone_bricks":3,"minecraft:wheat_seeds":8,"minecraft:gold_nugget":26,"minecraft:stone_pickaxe":2,"minecraft:iron_ingot":2,"minecraft:melon_slice":32,"minecraft:coal_block":8,"minecraft:iron_boots":4,"minecraft:furnace":1,"minecraft:spruce_stairs":1,"minecraft:porkchop":27,"minecraft:white_dye":2,"minecraft:white_bed":3,"minecraft:spider_eye":1,"minecraft:leather_helmet":2,"minecraft:brick_slab":4,"biomesoplenty:blue_hydrangea":1,"minecraft:writable_book":1,"minecraft:iron_helmet":4,"minecraft:emerald":1,"minecraft:gold_ingot":2,"minecraft:damaged_anvil":1,"minecraft:mutton":5,"minecraft:coal":44,"minecraft:white_wool":3,"minecraft:cobblestone":57},"minecraft:used":{"minecraft:writable_book":1,"minecraft:stone_pickaxe":60,"minecraft:wooden_pickaxe":15,"minecraft:dirt":12,"minecraft:crafting_table":4,"iceandfire:pixie_dust":1,"minecraft:white_bed":3,"minecraft:oak_log":1,"minecraft:melon_slice":26,"minecraft:bread":6,"minecraft:stone_bricks":2,"minecraft:stone_axe":88,"minecraft:cobblestone":3},"minecraft:custom":{"minecraft:interact_with_furnace":2,"minecraft:interact_with_anvil":2,"minecraft:mob_kills":14,"minecraft:interact_with_crafting_table":4,"minecraft:open_barrel":1,"minecraft:time_since_death":32221,"minecraft:sleep_in_bed":3,"minecraft:climb_one_cm":8591,"minecraft:time_since_rest":4281,"minecraft:sprint_one_cm":275751,"minecraft:damage_taken":350,"minecraft:walk_one_cm":141251,"minecraft:drop":23,"minecraft:damage_dealt":1597,"minecraft:swim_one_cm":11642,"minecraft:talked_to_villager":4,"minecraft:fly_one_cm":132475,"minecraft:open_chest":8,"minecraft:crouch_one_cm":1090,"minecraft:play_time":32221,"minecraft:sneak_time":97,"minecraft:walk_under_water_one_cm":1578,"minecraft:jump":820,"minecraft:walk_on_water_one_cm":3807,"minecraft:total_world_time":32221,"minecraft:interact_with_smoker":1,"minecraft:fall_one_cm":18368},"minecraft:dropped":{"minecraft:crafting_table":1,"minecraft:white_carpet":2,"minecraft:iron_helmet":3,"minecraft:iron_boots":3,"minecraft:spruce_stairs":1,"minecraft:leather_helmet":2,"minecraft:item_frame":1,"minecraft:potato":1,"minecraft:iron_chestplate":3,"biomesoplenty:blue_hydrangea":1,"minecraft:iron_leggings":3,"minecraft:writable_book":1,"minecraft:stone_pickaxe":1,"minecraft:brick_slab":2},"minecraft:crafted":{"minecraft:oak_planks":12,"minecraft:coal":72,"minecraft:cooked_porkchop":1,"minecraft:crafting_table":1,"minecraft:wooden_pickaxe":1,"minecraft:stone_axe":1,"minecraft:air":0,"minecraft:jungle_planks":36,"minecraft:shield":1,"minecraft:stick":8,"minecraft:stone_pickaxe":1,"minecraft:white_bed":1},"minecraft:mined":{"minecraft:white_bed":3,"minecraft:crafting_table":4,"gravestone:gravestone":2,"minecraft:grass_block":2,"minecraft:melon":6,"minecraft:jungle_log":9,"minecraft:coal_block":9,"minecraft:copper_ore":1,"minecraft:cobblestone":1,"biomesoplenty:sprout":27,"minecraft:damaged_anvil":1,"minecraft:spruce_stairs":2,"minecraft:furnace":1,"minecraft:white_carpet":4,"minecraft:anvil":1,"minecraft:grass":21,"minecraft:oak_log":4,"iceandfire:gold_pile":5,"minecraft:dirt":10,"minecraft:stone":57,"minecraft:stone_bricks":2,"minecraft:fern":47}},"DataVersion":3465}