{"stats":{"minecraft:mined":{"minecraft:podzol":1,"minecraft:grass":2,"biomesoplenty:bush":9,"minecraft:tnt":5,"gravestone:gravestone":9},"minecraft:picked_up":{"minecraft:wooden_axe":1,"minecraft:tnt":773,"minecraft:arrow":64,"minecraft:bow":1,"minecraft:wheat_seeds":1,"minecraft:peony":4,"minecraft:dragon_head":64,"minecraft:redstone_torch":64,"minecraft:oak_log":2,"gravestone:obituary":4,"minecraft:spruce_log":9,"minecraft:soul_sand":256,"minecraft:dark_oak_log":3,"minecraft:raw_copper":12,"minecraft:dirt":201,"minecraft:cobblestone":90,"minecraft:dark_oak_sapling":1},"minecraft:custom":{"minecraft:time_since_rest":519,"minecraft:crouch_one_cm":722,"minecraft:play_time":17155,"minecraft:sprint_one_cm":47747,"minecraft:walk_one_cm":62257,"minecraft:damage_taken":3453,"minecraft:deaths":11,"minecraft:sneak_time":133,"minecraft:drop":4,"minecraft:jump":362,"minecraft:damage_dealt":163,"minecraft:time_since_death":476,"minecraft:total_world_time":17155,"minecraft:fall_one_cm":11411,"minecraft:fly_one_cm":42700,"minecraft:player_kills":2},"minecraft:dropped":{"gravestone:obituary":3,"minecraft:soul_sand":64},"minecraft:used":{"minecraft:bow":46,"minecraft:tnt":142,"minecraft:redstone_torch":15},"minecraft:killed_by":{"minecraft:player":8,"ecologics:coconut_crab":1}},"DataVersion":3465}