{"stats":{"minecraft:killed":{"minecraft:sheep":3,"minecraft:pig":8,"minecraft:zombie":2,"minecraft:spider":1},"minecraft:picked_up":{"minecraft:crafting_table":4,"minecraft:jungle_log":9,"minecraft:potato":1,"minecraft:porkchop":14,"minecraft:oak_log":4,"minecraft:white_bed":1,"minecraft:spider_eye":1,"minecraft:dirt":12,"minecraft:raw_copper":3,"minecraft:wheat_seeds":8,"minecraft:melon_slice":32,"minecraft:mutton":5,"minecraft:white_wool":3,"minecraft:cobblestone":57},"minecraft:used":{"minecraft:oak_log":1,"minecraft:melon_slice":19,"minecraft:stone_pickaxe":45,"minecraft:wooden_pickaxe":15,"minecraft:stone_axe":71,"minecraft:dirt":8,"minecraft:crafting_table":3,"minecraft:white_bed":1},"minecraft:custom":{"minecraft:time_since_rest":20221,"minecraft:sprint_one_cm":111372,"minecraft:damage_taken":210,"minecraft:walk_one_cm":66451,"minecraft:mob_kills":14,"minecraft:drop":1,"minecraft:damage_dealt":1597,"minecraft:swim_one_cm":8137,"minecraft:interact_with_crafting_table":3,"minecraft:fly_one_cm":50473,"minecraft:crouch_one_cm":596,"minecraft:play_time":20221,"minecraft:sneak_time":80,"minecraft:walk_under_water_one_cm":1578,"minecraft:jump":472,"minecraft:time_since_death":20221,"minecraft:walk_on_water_one_cm":3601,"minecraft:climb_one_cm":4188,"minecraft:total_world_time":20221,"minecraft:fall_one_cm":8700},"minecraft:dropped":{"minecraft:crafting_table":1},"minecraft:crafted":{"minecraft:oak_planks":12,"minecraft:crafting_table":1,"minecraft:stick":8,"minecraft:wooden_pickaxe":1,"minecraft:stone_pickaxe":1,"minecraft:white_bed":1,"minecraft:stone_axe":1,"minecraft:jungle_planks":36},"minecraft:mined":{"minecraft:white_bed":1,"minecraft:crafting_table":3,"gravestone:gravestone":2,"minecraft:grass":21,"minecraft:grass_block":2,"minecraft:oak_log":4,"minecraft:melon":6,"minecraft:jungle_log":9,"minecraft:dirt":10,"minecraft:copper_ore":1,"biomesoplenty:sprout":27,"minecraft:stone":57,"minecraft:fern":47}},"DataVersion":3465}