{"stats":{"minecraft:killed":{"minecraft:zombie":2,"minecraft:spider":1},"minecraft:picked_up":{"minecraft:crafting_table":2,"minecraft:jungle_log":9,"minecraft:potato":1,"minecraft:oak_log":4,"minecraft:spider_eye":1,"minecraft:dirt":12,"minecraft:raw_copper":3,"minecraft:wheat_seeds":3,"minecraft:melon_slice":28,"minecraft:cobblestone":57},"minecraft:used":{"minecraft:oak_log":1,"minecraft:melon_slice":12,"minecraft:stone_pickaxe":45,"minecraft:wooden_pickaxe":15,"minecraft:stone_axe":34,"minecraft:dirt":8,"minecraft:crafting_table":2},"minecraft:custom":{"minecraft:time_since_rest":14221,"minecraft:sprint_one_cm":29263,"minecraft:damage_taken":190,"minecraft:walk_one_cm":42268,"minecraft:mob_kills":3,"minecraft:damage_dealt":559,"minecraft:swim_one_cm":8137,"minecraft:interact_with_crafting_table":2,"minecraft:fly_one_cm":21333,"minecraft:crouch_one_cm":400,"minecraft:play_time":14221,"minecraft:sneak_time":71,"minecraft:walk_under_water_one_cm":1578,"minecraft:jump":338,"minecraft:time_since_death":14221,"minecraft:walk_on_water_one_cm":3601,"minecraft:climb_one_cm":3960,"minecraft:total_world_time":14221,"minecraft:fall_one_cm":5251},"minecraft:crafted":{"minecraft:oak_planks":12,"minecraft:crafting_table":1,"minecraft:stick":8,"minecraft:wooden_pickaxe":1,"minecraft:stone_pickaxe":1,"minecraft:stone_axe":1},"minecraft:mined":{"minecraft:crafting_table":2,"gravestone:gravestone":2,"minecraft:grass":10,"minecraft:grass_block":2,"minecraft:oak_log":4,"minecraft:melon":5,"minecraft:jungle_log":9,"minecraft:dirt":10,"minecraft:copper_ore":1,"biomesoplenty:sprout":5,"minecraft:stone":57,"minecraft:fern":6}},"DataVersion":3465}