{"stats":{"minecraft:picked_up":{"minecraft:crafting_table":1,"minecraft:oak_log":4,"minecraft:dirt":4,"minecraft:cobblestone":4},"minecraft:used":{"minecraft:oak_log":1,"minecraft:crafting_table":1,"minecraft:wooden_pickaxe":6},"minecraft:custom":{"minecraft:time_since_rest":2221,"minecraft:crouch_one_cm":48,"minecraft:play_time":2221,"minecraft:walk_one_cm":4040,"minecraft:sneak_time":10,"minecraft:jump":18,"minecraft:time_since_death":2221,"minecraft:total_world_time":2221,"minecraft:climb_one_cm":1695,"minecraft:interact_with_crafting_table":1},"minecraft:crafted":{"minecraft:oak_planks":12,"minecraft:crafting_table":1,"minecraft:stick":8,"minecraft:wooden_pickaxe":1},"minecraft:mined":{"gravestone:gravestone":2,"minecraft:grass":2,"minecraft:grass_block":1,"minecraft:oak_log":4,"minecraft:dirt":3,"minecraft:stone":6,"minecraft:crafting_table":1}},"DataVersion":3465}