{"stats":{"minecraft:killed":{"minecraft:spider":1,"ecologics:coconut_crab":1,"minecraft:pig":8,"minecraft:sheep":3,"minecraft:zombie":2,"ecologics:squirrel":1,"minecraft:cow":14},"minecraft:broken":{"minecraft:stone_axe":1},"minecraft:picked_up":{"minecraft:crafting_table":9,"minecraft:iron_chestplate":4,"minecraft:anvil":1,"minecraft:smithing_table":1,"ecologics:seashell":1,"minecraft:oak_stairs":19,"minecraft:stone_brick_stairs":1,"gravestone:obituary":1,"minecraft:raw_copper":3,"minecraft:item_frame":1,"minecraft:iron_leggings":4,"minecraft:armor_stand":4,"minecraft:white_carpet":2,"minecraft:iron_shovel":1,"minecraft:gold_nugget":44,"minecraft:beef":21,"minecraft:melon_slice":36,"minecraft:coal_block":8,"minecraft:furnace":4,"ecologics:crab_claw":1,"minecraft:iron_boots":4,"minecraft:egg":1,"ecologics:coconut_slice":2,"minecraft:oak_fence":1,"minecraft:spruce_stairs":1,"minecraft:porkchop":27,"minecraft:white_dye":2,"minecraft:tnt":1,"iceandfire:silver_ingot":2,"biomesoplenty:blue_hydrangea":1,"ecologics:coconut_log":7,"minecraft:iron_block":3,"minecraft:gold_ingot":2,"minecraft:mutton":5,"minecraft:white_wool":6,"minecraft:cobblestone":57,"biomesoplenty:lavender":1,"minecraft:jungle_log":9,"minecraft:leather":14,"minecraft:potato":1,"minecraft:oak_log":4,"minecraft:dirt":12,"minecraft:lantern":1,"minecraft:glass":12,"minecraft:stone_bricks":3,"minecraft:wheat_seeds":8,"minecraft:stone_pickaxe":2,"minecraft:iron_ingot":2,"minecraft:oak_planks":6,"minecraft:book":30,"ecologics:coconut_husk":2,"minecraft:sand":59,"minecraft:white_bed":7,"minecraft:spider_eye":1,"minecraft:leather_helmet":2,"minecraft:brick_slab":4,"travelersbackpack:standard":1,"minecraft:writable_book":1,"minecraft:iron_helmet":4,"minecraft:gray_wool":6,"minecraft:emerald":1,"minecraft:damaged_anvil":1,"minecraft:coal":199,"iceandfire:silver_nugget":10},"minecraft:used":{"minecraft:writable_book":1,"minecraft:iron_shovel":30,"minecraft:dirt":12,"iceandfire:pixie_dust":1,"minecraft:stone_bricks":2,"minecraft:furnace":3,"minecraft:egg":1,"minecraft:cooked_beef":1,"minecraft:cooked_mutton":2,"minecraft:stone_pickaxe":60,"minecraft:wooden_pickaxe":15,"minecraft:crafting_table":11,"minecraft:white_bed":7,"minecraft:oak_log":1,"minecraft:bread":12,"minecraft:melon_slice":30,"minecraft:iron_pickaxe":20,"ecologics:coconut_slice":2,"minecraft:stone_axe":176,"minecraft:cobblestone":3,"travelersbackpack:standard":3,"minecraft:cooked_porkchop":5,"minecraft:smithing_table":1},"minecraft:custom":{"minecraft:interact_with_smithing_table":7,"minecraft:mob_kills":30,"minecraft:interact_with_anvil":2,"minecraft:interact_with_crafting_table":29,"minecraft:open_barrel":5,"minecraft:leave_game":1,"minecraft:time_since_death":9796,"minecraft:climb_one_cm":11437,"minecraft:sprint_one_cm":632544,"minecraft:walk_one_cm":296924,"minecraft:drop":43,"minecraft:talked_to_villager":9,"minecraft:play_time":103288,"minecraft:deaths":2,"minecraft:sneak_time":375,"minecraft:walk_under_water_one_cm":4262,"minecraft:jump":2285,"minecraft:walk_on_water_one_cm":15901,"minecraft:total_world_time":103288,"minecraft:interact_with_furnace":21,"minecraft:traded_with_villager":3,"minecraft:sleep_in_bed":13,"minecraft:time_since_rest":9949,"minecraft:damage_taken":1174,"minecraft:damage_dealt":3296,"minecraft:swim_one_cm":87823,"minecraft:fly_one_cm":524625,"minecraft:open_chest":26,"minecraft:crouch_one_cm":1828,"minecraft:interact_with_smoker":7,"minecraft:fall_one_cm":58991},"minecraft:dropped":{"minecraft:crafting_table":2,"biomesoplenty:lavender":1,"minecraft:oak_fence":1,"minecraft:iron_helmet":3,"minecraft:spruce_stairs":1,"minecraft:leather_helmet":2,"minecraft:item_frame":1,"minecraft:gray_wool":4,"minecraft:writable_book":1,"minecraft:iron_leggings":3,"gravestone:obituary":2,"minecraft:oak_stairs":19,"minecraft:gold_nugget":8,"minecraft:sand":2,"minecraft:white_wool":2,"minecraft:gold_ingot":44,"iceandfire:silver_nugget":1,"minecraft:white_carpet":2,"minecraft:iron_boots":3,"minecraft:potato":1,"minecraft:iron_chestplate":3,"iceandfire:silver_ingot":3,"iceandfire:bestiary":1,"biomesoplenty:blue_hydrangea":1,"minecraft:stone_pickaxe":1,"ecologics:seashell":1,"minecraft:brick_slab":2},"minecraft:killed_by":{"minecraft:player":1,"iceandfire:fire_dragon":1},"minecraft:crafted":{"minecraft:oak_planks":12,"travelersbackpack:iron":1,"minecraft:coal":72,"travelersbackpack:crafting_upgrade":1,"ecologics:coconut_planks":28,"travelersbackpack:blank_upgrade":4,"minecraft:cooked_mutton":5,"minecraft:glass":35,"minecraft:iron_axe":1,"travelersbackpack:gray_sleeping_bag":1,"minecraft:stone_pickaxe":1,"minecraft:chest":2,"iceandfire:manuscript":12,"minecraft:cooked_beef":7,"travelersbackpack:bookshelf":1,"travelersbackpack:iron_tier_upgrade":1,"iceandfire:silver_ingot":1,"minecraft:cooked_porkchop":14,"minecraft:crafting_table":5,"travelersbackpack:backpack_tank":4,"minecraft:wooden_pickaxe":1,"travelersbackpack:standard":4,"minecraft:smithing_table":1,"minecraft:stone_axe":2,"minecraft:air":0,"minecraft:jungle_planks":36,"minecraft:shield":1,"minecraft:stick":12,"minecraft:iron_ingot":27,"minecraft:gold_ingot":4,"minecraft:white_bed":1,"minecraft:shears":1},"minecraft:mined":{"minecraft:white_bed":7,"gravestone:gravestone":4,"minecraft:grass_block":2,"minecraft:jungle_log":9,"minecraft:coal_block":9,"ecologics:coconut_log":7,"minecraft:furnace":4,"minecraft:anvil":1,"minecraft:bookshelf":10,"iceandfire:gold_pile":8,"minecraft:oak_stairs":19,"minecraft:stone":57,"minecraft:iron_block":3,"minecraft:smithing_table":1,"travelersbackpack:standard":1,"minecraft:oak_fence":1,"minecraft:crafting_table":9,"minecraft:melon":7,"minecraft:tall_grass":1,"minecraft:copper_ore":1,"minecraft:cobblestone":1,"biomesoplenty:sprout":27,"minecraft:oak_planks":6,"minecraft:damaged_anvil":1,"minecraft:spruce_stairs":2,"ecologics:seashell":1,"minecraft:white_carpet":4,"minecraft:tnt":1,"minecraft:grass":23,"minecraft:oak_log":4,"iceandfire:silver_pile":3,"minecraft:sand":48,"minecraft:dirt":10,"minecraft:stone_bricks":2,"minecraft:fern":47,"minecraft:piston":1,"minecraft:oak_leaves":8,"biomesoplenty:reed":1}},"DataVersion":3465}