{"stats":{"minecraft:mined":{"minecraft:podzol":1,"minecraft:tnt":14,"gravestone:gravestone":14,"minecraft:grass":2,"biomesoplenty:bush":9},"minecraft:picked_up":{"minecraft:wooden_axe":1,"minecraft:dark_oak_sapling":1,"minecraft:andesite":1,"minecraft:gravel":50,"minecraft:flint":12,"minecraft:dragon_head":64,"minecraft:oak_log":2,"gravestone:obituary":6,"minecraft:spruce_log":9,"minecraft:warden_spawn_egg":64,"minecraft:wither_skeleton_skull":130,"minecraft:dark_oak_log":6,"minecraft:dirt":258,"minecraft:raw_copper":13,"minecraft:tnt":782,"minecraft:arrow":64,"minecraft:bow":1,"minecraft:peony":8,"minecraft:wheat_seeds":1,"minecraft:guardian_spawn_egg":64,"minecraft:redstone_torch":64,"minecraft:coal":1,"minecraft:soul_sand":320,"minecraft:cobblestone":97},"minecraft:custom":{"minecraft:time_since_rest":1341,"minecraft:sprint_one_cm":111992,"minecraft:damage_taken":5653,"minecraft:walk_one_cm":79847,"minecraft:drop":4,"minecraft:damage_dealt":163,"minecraft:player_kills":2,"minecraft:fly_one_cm":85342,"minecraft:crouch_one_cm":722,"minecraft:play_time":26699,"minecraft:deaths":19,"minecraft:sneak_time":133,"minecraft:jump":626,"minecraft:leave_game":1,"minecraft:time_since_death":1310,"minecraft:total_world_time":26699,"minecraft:fall_one_cm":20419},"minecraft:dropped":{"minecraft:soul_sand":64,"gravestone:obituary":3},"minecraft:used":{"minecraft:wither_skeleton_skull":8,"minecraft:dirt":14,"minecraft:soul_sand":9,"minecraft:bow":46,"minecraft:guardian_spawn_egg":36,"minecraft:tnt":142,"minecraft:warden_spawn_egg":46,"minecraft:redstone_torch":15},"minecraft:killed_by":{"minecraft:wither":4,"minecraft:warden":1,"minecraft:player":8,"ecologics:coconut_crab":1,"minecraft:skeleton":1,"minecraft:guardian":1}},"DataVersion":3465}