{"stats":{"minecraft:killed":{"minecraft:pig":8,"minecraft:spider":1,"minecraft:sheep":3,"minecraft:zombie":2},"minecraft:picked_up":{"minecraft:crafting_table":5,"minecraft:iron_chestplate":4,"minecraft:jungle_log":9,"minecraft:potato":1,"minecraft:oak_log":4,"minecraft:dirt":12,"minecraft:lantern":1,"minecraft:raw_copper":3,"minecraft:iron_leggings":4,"minecraft:armor_stand":4,"minecraft:white_carpet":2,"minecraft:stone_bricks":2,"minecraft:wheat_seeds":8,"minecraft:gold_nugget":18,"minecraft:iron_ingot":2,"minecraft:melon_slice":32,"minecraft:coal_block":8,"minecraft:iron_boots":4,"minecraft:furnace":1,"minecraft:porkchop":27,"minecraft:white_dye":2,"minecraft:white_bed":2,"minecraft:spider_eye":1,"minecraft:iron_helmet":4,"minecraft:emerald":1,"minecraft:gold_ingot":2,"minecraft:mutton":5,"minecraft:coal":44,"minecraft:white_wool":3,"minecraft:cobblestone":57},"minecraft:used":{"minecraft:stone_pickaxe":58,"minecraft:wooden_pickaxe":15,"minecraft:dirt":12,"minecraft:crafting_table":4,"iceandfire:pixie_dust":1,"minecraft:white_bed":2,"minecraft:oak_log":1,"minecraft:melon_slice":26,"minecraft:bread":2,"minecraft:stone_bricks":2,"minecraft:stone_axe":85,"minecraft:cobblestone":3},"minecraft:custom":{"minecraft:interact_with_furnace":2,"minecraft:mob_kills":14,"minecraft:interact_with_crafting_table":4,"minecraft:open_barrel":1,"minecraft:time_since_death":26221,"minecraft:climb_one_cm":8263,"minecraft:time_since_rest":26221,"minecraft:sprint_one_cm":187591,"minecraft:damage_taken":320,"minecraft:walk_one_cm":113889,"minecraft:drop":14,"minecraft:damage_dealt":1597,"minecraft:swim_one_cm":8137,"minecraft:talked_to_villager":3,"minecraft:fly_one_cm":83382,"minecraft:open_chest":5,"minecraft:crouch_one_cm":1018,"minecraft:play_time":26221,"minecraft:sneak_time":92,"minecraft:walk_under_water_one_cm":1578,"minecraft:jump":639,"minecraft:walk_on_water_one_cm":3601,"minecraft:total_world_time":26221,"minecraft:interact_with_smoker":1,"minecraft:fall_one_cm":14374},"minecraft:dropped":{"minecraft:crafting_table":1,"minecraft:white_carpet":2,"minecraft:iron_helmet":3,"minecraft:iron_boots":3,"minecraft:iron_chestplate":3,"minecraft:iron_leggings":3},"minecraft:crafted":{"minecraft:oak_planks":12,"minecraft:coal":45,"minecraft:cooked_porkchop":1,"minecraft:crafting_table":1,"minecraft:wooden_pickaxe":1,"minecraft:stone_axe":1,"minecraft:air":0,"minecraft:jungle_planks":36,"minecraft:shield":1,"minecraft:stick":8,"minecraft:stone_pickaxe":1,"minecraft:white_bed":1},"minecraft:mined":{"minecraft:white_bed":2,"minecraft:crafting_table":4,"gravestone:gravestone":2,"minecraft:grass_block":2,"minecraft:melon":6,"minecraft:jungle_log":9,"minecraft:coal_block":9,"minecraft:copper_ore":1,"minecraft:cobblestone":1,"biomesoplenty:sprout":27,"minecraft:furnace":1,"minecraft:white_carpet":4,"minecraft:grass":21,"minecraft:oak_log":4,"iceandfire:gold_pile":3,"minecraft:dirt":10,"minecraft:stone":57,"minecraft:stone_bricks":2,"minecraft:fern":47}},"DataVersion":3465}