{"stats":{"minecraft:killed":{"minecraft:pig":8,"minecraft:spider":1,"minecraft:sheep":3,"minecraft:zombie":2,"ecologics:squirrel":1,"minecraft:cow":6},"minecraft:broken":{"minecraft:stone_axe":1},"minecraft:picked_up":{"minecraft:crafting_table":5,"minecraft:iron_chestplate":4,"minecraft:anvil":1,"minecraft:jungle_log":9,"minecraft:leather":4,"ecologics:seashell":1,"minecraft:oak_stairs":9,"minecraft:potato":1,"minecraft:stone_brick_stairs":1,"minecraft:oak_log":4,"minecraft:dirt":12,"minecraft:lantern":1,"minecraft:raw_copper":3,"minecraft:item_frame":1,"minecraft:iron_leggings":4,"minecraft:armor_stand":4,"minecraft:white_carpet":2,"minecraft:stone_bricks":3,"minecraft:wheat_seeds":8,"minecraft:gold_nugget":44,"minecraft:beef":10,"minecraft:stone_pickaxe":2,"minecraft:iron_ingot":2,"minecraft:melon_slice":32,"minecraft:coal_block":8,"minecraft:iron_boots":4,"minecraft:furnace":2,"minecraft:book":24,"minecraft:oak_fence":1,"minecraft:spruce_stairs":1,"minecraft:sand":20,"minecraft:porkchop":27,"minecraft:white_dye":2,"minecraft:white_bed":4,"minecraft:spider_eye":1,"minecraft:leather_helmet":2,"minecraft:brick_slab":4,"biomesoplenty:blue_hydrangea":1,"minecraft:writable_book":1,"ecologics:coconut_log":7,"minecraft:iron_helmet":4,"minecraft:iron_block":1,"minecraft:emerald":1,"minecraft:gold_ingot":2,"iceandfire:silver_nugget":10,"minecraft:damaged_anvil":1,"minecraft:mutton":5,"minecraft:coal":107,"minecraft:white_wool":3,"minecraft:cobblestone":57},"minecraft:custom":{"minecraft:interact_with_furnace":13,"minecraft:interact_with_anvil":2,"minecraft:mob_kills":21,"minecraft:traded_with_villager":3,"minecraft:interact_with_crafting_table":8,"minecraft:open_barrel":5,"minecraft:time_since_death":12634,"minecraft:sleep_in_bed":8,"minecraft:climb_one_cm":10169,"minecraft:time_since_rest":8341,"minecraft:sprint_one_cm":437427,"minecraft:damage_taken":660,"minecraft:walk_one_cm":199212,"minecraft:drop":24,"minecraft:damage_dealt":2295,"minecraft:swim_one_cm":48150,"minecraft:talked_to_villager":5,"minecraft:fly_one_cm":323737,"minecraft:open_chest":18,"minecraft:crouch_one_cm":1436,"minecraft:play_time":50221,"minecraft:deaths":1,"minecraft:sneak_time":133,"minecraft:walk_under_water_one_cm":1918,"minecraft:jump":1504,"minecraft:walk_on_water_one_cm":10964,"minecraft:total_world_time":50221,"minecraft:interact_with_smoker":7,"minecraft:fall_one_cm":37730},"minecraft:used":{"minecraft:cooked_mutton":1,"minecraft:writable_book":1,"minecraft:stone_pickaxe":60,"minecraft:wooden_pickaxe":15,"minecraft:dirt":12,"minecraft:crafting_table":7,"iceandfire:pixie_dust":1,"minecraft:white_bed":4,"minecraft:oak_log":1,"minecraft:melon_slice":26,"minecraft:bread":12,"minecraft:iron_pickaxe":15,"minecraft:stone_bricks":2,"minecraft:stone_axe":130,"minecraft:cobblestone":3,"minecraft:furnace":1},"minecraft:dropped":{"minecraft:crafting_table":1,"minecraft:white_carpet":2,"minecraft:iron_helmet":3,"minecraft:iron_boots":3,"minecraft:spruce_stairs":1,"minecraft:leather_helmet":2,"minecraft:item_frame":1,"minecraft:potato":1,"minecraft:iron_chestplate":3,"biomesoplenty:blue_hydrangea":1,"minecraft:iron_leggings":3,"gravestone:obituary":1,"minecraft:writable_book":1,"minecraft:stone_pickaxe":1,"minecraft:brick_slab":2},"minecraft:killed_by":{"minecraft:player":1},"minecraft:crafted":{"minecraft:cooked_beef":7,"minecraft:oak_planks":12,"minecraft:coal":72,"minecraft:cooked_porkchop":14,"minecraft:crafting_table":3,"ecologics:coconut_planks":28,"travelersbackpack:backpack_tank":1,"minecraft:wooden_pickaxe":1,"minecraft:stone_axe":2,"minecraft:cooked_mutton":5,"minecraft:air":0,"minecraft:jungle_planks":36,"minecraft:glass":10,"minecraft:shield":1,"minecraft:stick":8,"minecraft:iron_ingot":9,"minecraft:stone_pickaxe":1,"minecraft:white_bed":1,"iceandfire:manuscript":12},"minecraft:mined":{"minecraft:white_bed":4,"minecraft:oak_fence":1,"minecraft:crafting_table":5,"gravestone:gravestone":3,"minecraft:grass_block":2,"minecraft:melon":6,"minecraft:jungle_log":9,"minecraft:tall_grass":1,"minecraft:coal_block":9,"minecraft:copper_ore":1,"minecraft:cobblestone":1,"ecologics:coconut_log":7,"biomesoplenty:sprout":27,"minecraft:damaged_anvil":1,"minecraft:spruce_stairs":2,"minecraft:furnace":2,"ecologics:seashell":1,"minecraft:white_carpet":4,"minecraft:bookshelf":8,"minecraft:anvil":1,"minecraft:grass":23,"iceandfire:silver_pile":3,"minecraft:oak_log":4,"iceandfire:gold_pile":8,"minecraft:oak_stairs":9,"minecraft:sand":11,"minecraft:dirt":10,"minecraft:stone":57,"minecraft:stone_bricks":2,"minecraft:iron_block":1,"minecraft:oak_leaves":8,"biomesoplenty:reed":1,"minecraft:fern":47}},"DataVersion":3465}