{"stats":{"minecraft:killed":{"minecraft:spider":1,"ecologics:coconut_crab":1,"minecraft:pig":8,"minecraft:sheep":3,"minecraft:zombie":2,"ecologics:squirrel":1,"minecraft:cow":14},"minecraft:broken":{"minecraft:stone_axe":1},"minecraft:picked_up":{"minecraft:iron_chestplate":4,"minecraft:crafting_table":8,"minecraft:anvil":1,"ecologics:seashell":1,"minecraft:oak_stairs":19,"minecraft:stone_brick_stairs":1,"minecraft:raw_copper":3,"minecraft:armor_stand":4,"minecraft:iron_leggings":4,"minecraft:item_frame":1,"minecraft:white_carpet":2,"minecraft:iron_shovel":1,"minecraft:gold_nugget":44,"minecraft:beef":21,"minecraft:melon_slice":32,"minecraft:coal_block":8,"minecraft:iron_boots":4,"ecologics:crab_claw":1,"minecraft:furnace":3,"ecologics:coconut_slice":2,"minecraft:oak_fence":1,"minecraft:spruce_stairs":1,"minecraft:porkchop":27,"minecraft:white_dye":2,"minecraft:tnt":1,"iceandfire:silver_ingot":2,"biomesoplenty:blue_hydrangea":1,"ecologics:coconut_log":7,"minecraft:iron_block":3,"minecraft:gold_ingot":2,"minecraft:mutton":5,"minecraft:white_wool":6,"minecraft:cobblestone":57,"minecraft:jungle_log":9,"minecraft:leather":14,"minecraft:potato":1,"minecraft:oak_log":4,"minecraft:dirt":12,"minecraft:lantern":1,"minecraft:glass":4,"minecraft:stone_bricks":3,"minecraft:wheat_seeds":8,"minecraft:iron_ingot":2,"minecraft:stone_pickaxe":2,"minecraft:oak_planks":6,"minecraft:book":30,"minecraft:sand":59,"ecologics:coconut_husk":2,"minecraft:white_bed":6,"minecraft:spider_eye":1,"minecraft:leather_helmet":2,"minecraft:brick_slab":4,"travelersbackpack:standard":1,"minecraft:writable_book":1,"minecraft:iron_helmet":4,"minecraft:gray_wool":6,"minecraft:emerald":1,"minecraft:damaged_anvil":1,"iceandfire:silver_nugget":10,"minecraft:coal":139},"minecraft:custom":{"minecraft:mob_kills":30,"minecraft:interact_with_anvil":2,"minecraft:interact_with_crafting_table":23,"minecraft:open_barrel":5,"minecraft:time_since_death":36634,"minecraft:climb_one_cm":10941,"minecraft:sprint_one_cm":531938,"minecraft:walk_one_cm":270300,"minecraft:drop":39,"minecraft:talked_to_villager":7,"minecraft:play_time":74221,"minecraft:deaths":1,"minecraft:sneak_time":263,"minecraft:walk_under_water_one_cm":1918,"minecraft:jump":1858,"minecraft:walk_on_water_one_cm":10964,"minecraft:total_world_time":74221,"minecraft:interact_with_furnace":21,"minecraft:traded_with_villager":3,"minecraft:sleep_in_bed":11,"minecraft:time_since_rest":5533,"minecraft:damage_taken":760,"minecraft:damage_dealt":3296,"minecraft:swim_one_cm":48150,"minecraft:fly_one_cm":426603,"minecraft:open_chest":23,"minecraft:crouch_one_cm":1761,"minecraft:interact_with_smoker":7,"minecraft:fall_one_cm":47950},"minecraft:used":{"minecraft:writable_book":1,"minecraft:iron_shovel":30,"minecraft:dirt":12,"iceandfire:pixie_dust":1,"minecraft:stone_bricks":2,"minecraft:furnace":3,"minecraft:cooked_beef":1,"minecraft:cooked_mutton":2,"minecraft:stone_pickaxe":60,"minecraft:wooden_pickaxe":15,"minecraft:crafting_table":10,"minecraft:white_bed":6,"minecraft:oak_log":1,"minecraft:bread":12,"minecraft:melon_slice":26,"minecraft:iron_pickaxe":19,"minecraft:stone_axe":173,"ecologics:coconut_slice":2,"minecraft:cobblestone":3,"travelersbackpack:standard":2,"minecraft:cooked_porkchop":2},"minecraft:dropped":{"minecraft:crafting_table":1,"minecraft:oak_fence":1,"minecraft:iron_helmet":3,"minecraft:spruce_stairs":1,"minecraft:leather_helmet":2,"minecraft:item_frame":1,"minecraft:gray_wool":4,"minecraft:gold_nugget":8,"minecraft:iron_leggings":3,"gravestone:obituary":1,"minecraft:oak_stairs":19,"minecraft:writable_book":1,"minecraft:sand":2,"minecraft:white_wool":2,"iceandfire:silver_nugget":1,"minecraft:white_carpet":2,"minecraft:iron_boots":3,"minecraft:potato":1,"minecraft:iron_chestplate":3,"iceandfire:silver_ingot":3,"iceandfire:bestiary":1,"biomesoplenty:blue_hydrangea":1,"minecraft:stone_pickaxe":1,"ecologics:seashell":1,"minecraft:brick_slab":2},"minecraft:killed_by":{"minecraft:player":1},"minecraft:crafted":{"minecraft:oak_planks":12,"minecraft:coal":72,"travelersbackpack:crafting_upgrade":1,"ecologics:coconut_planks":28,"travelersbackpack:blank_upgrade":4,"minecraft:cooked_mutton":5,"minecraft:glass":35,"travelersbackpack:gray_sleeping_bag":1,"minecraft:stone_pickaxe":1,"minecraft:chest":2,"iceandfire:manuscript":12,"minecraft:cooked_beef":7,"travelersbackpack:bookshelf":1,"minecraft:cooked_porkchop":14,"iceandfire:silver_ingot":1,"minecraft:crafting_table":4,"travelersbackpack:backpack_tank":4,"minecraft:wooden_pickaxe":1,"travelersbackpack:standard":1,"minecraft:stone_axe":2,"minecraft:air":0,"minecraft:jungle_planks":36,"minecraft:shield":1,"minecraft:stick":8,"minecraft:iron_ingot":27,"minecraft:gold_ingot":4,"minecraft:white_bed":1,"minecraft:shears":1},"minecraft:mined":{"minecraft:white_bed":6,"gravestone:gravestone":3,"minecraft:grass_block":2,"minecraft:jungle_log":9,"minecraft:coal_block":9,"ecologics:coconut_log":7,"minecraft:furnace":3,"minecraft:anvil":1,"minecraft:bookshelf":10,"iceandfire:gold_pile":8,"minecraft:oak_stairs":19,"minecraft:stone":57,"minecraft:iron_block":3,"travelersbackpack:standard":1,"minecraft:oak_fence":1,"minecraft:crafting_table":8,"minecraft:melon":6,"minecraft:cobblestone":1,"minecraft:copper_ore":1,"minecraft:tall_grass":1,"biomesoplenty:sprout":27,"minecraft:oak_planks":6,"minecraft:damaged_anvil":1,"minecraft:spruce_stairs":2,"ecologics:seashell":1,"minecraft:white_carpet":4,"minecraft:tnt":1,"minecraft:grass":23,"minecraft:oak_log":4,"iceandfire:silver_pile":3,"minecraft:sand":48,"minecraft:dirt":10,"minecraft:stone_bricks":2,"minecraft:fern":47,"minecraft:piston":1,"minecraft:oak_leaves":8,"biomesoplenty:reed":1}},"DataVersion":3465}