{"stats":{"minecraft:killed":{"minecraft:cave_spider":3,"minecraft:pig":1,"minecraft:salmon":2,"minecraft:zombie":1,"minecraft:cow":2},"minecraft:broken":{"minecraft:stone_pickaxe":1,"minecraft:wooden_axe":1},"minecraft:picked_up":{"minecraft:cocoa_beans":6,"minecraft:crafting_table":2,"minecraft:salmon":2,"minecraft:leather":3,"minecraft:oak_log":12,"gravestone:obituary":3,"minecraft:string":5,"minecraft:apple":1,"minecraft:wheat_seeds":4,"minecraft:beef":5,"minecraft:jungle_sapling":1,"minecraft:melon_slice":161,"minecraft:chest":1,"biomesoplenty:mahogany_planks":5,"minecraft:stick":16,"minecraft:raw_iron":13,"minecraft:big_dripleaf":15,"minecraft:torch":2,"minecraft:porkchop":2,"minecraft:spider_eye":1,"biomesoplenty:mahogany_log":43,"biomesoplenty:mahogany_sapling":4,"minecraft:oak_sapling":1,"minecraft:coal":94,"minecraft:cobblestone":95},"minecraft:used":{"biomesoplenty:mahogany_planks":6,"minecraft:stone_pickaxe":201,"minecraft:oak_planks":1,"minecraft:chest":3,"minecraft:shield":9,"minecraft:salmon":2,"minecraft:torch":56,"minecraft:crafting_table":3,"minecraft:jungle_sapling":1,"minecraft:wooden_axe":102,"minecraft:melon_slice":22,"minecraft:stone_axe":20,"minecraft:wooden_sword":11,"minecraft:cobblestone":62,"minecraft:oak_sapling":1,"minecraft:furnace":2},"minecraft:custom":{"minecraft:interact_with_furnace":16,"minecraft:mob_kills":9,"minecraft:interact_with_crafting_table":19,"minecraft:time_since_death":18490,"minecraft:climb_one_cm":7128,"minecraft:time_since_rest":18533,"minecraft:sprint_one_cm":70142,"minecraft:damage_taken":2155,"minecraft:walk_one_cm":229061,"minecraft:damage_blocked_by_shield":345,"minecraft:drop":6,"minecraft:damage_dealt":1458,"minecraft:swim_one_cm":61001,"minecraft:fly_one_cm":44459,"minecraft:open_chest":3,"minecraft:crouch_one_cm":9785,"minecraft:play_time":66341,"minecraft:deaths":6,"minecraft:sneak_time":4166,"minecraft:walk_under_water_one_cm":17375,"minecraft:jump":1074,"minecraft:walk_on_water_one_cm":22610,"minecraft:total_world_time":66341,"minecraft:fall_one_cm":15716},"minecraft:dropped":{"minecraft:wheat_seeds":2,"minecraft:cocoa_beans":6,"gravestone:obituary":3},"minecraft:killed_by":{"minecraft:player":3,"minecraft:skeleton":2,"minecraft:creeper":1},"minecraft:crafted":{"minecraft:wooden_sword":1,"minecraft:oak_planks":12,"minecraft:crafting_table":1,"biomesoplenty:mahogany_planks":72,"minecraft:wooden_pickaxe":1,"minecraft:furnace":2,"minecraft:stone_axe":1,"minecraft:air":0,"minecraft:charcoal":20,"minecraft:shield":1,"minecraft:stick":32,"minecraft:iron_ingot":1,"minecraft:stone_pickaxe":2,"minecraft:wooden_axe":3,"minecraft:chest":2,"minecraft:torch":68},"minecraft:mined":{"minecraft:jungle_leaves":6,"biomesoplenty:hanging_cobweb_strand":1,"minecraft:crafting_table":2,"gravestone:gravestone":5,"minecraft:melon":35,"biomesoplenty:mahogany_planks":5,"minecraft:chest":1,"minecraft:cobblestone":4,"biomesoplenty:sprout":1,"minecraft:wall_torch":2,"minecraft:big_dripleaf":2,"minecraft:tall_seagrass":3,"biomesoplenty:mahogany_log":24,"minecraft:iron_ore":13,"minecraft:big_dripleaf_stem":4,"biomesoplenty:hanging_cobweb":1,"minecraft:grass":8,"minecraft:coal_ore":96,"minecraft:oak_log":12,"biomesoplenty:mahogany_leaves":2,"minecraft:cocoa":2,"biomesoplenty:webbing":2,"minecraft:cobweb":1,"biomesoplenty:spider_egg":3,"minecraft:stone":88,"minecraft:oak_leaves":18,"minecraft:fern":20}},"DataVersion":3465}