{"stats":{"minecraft:killed":{"minecraft:cave_spider":3,"minecraft:pig":1,"minecraft:salmon":9,"minecraft:sheep":2,"minecraft:zombie":1,"minecraft:cow":8},"minecraft:broken":{"minecraft:stone_pickaxe":2,"minecraft:wooden_axe":1},"minecraft:picked_up":{"minecraft:cocoa_beans":6,"minecraft:crafting_table":3,"minecraft:iron_chestplate":1,"minecraft:ladder":2,"minecraft:leather_leggings":2,"minecraft:enchanted_book":1,"gravestone:obituary":7,"minecraft:string":13,"minecraft:item_frame":2,"minecraft:iron_leggings":1,"minecraft:armor_stand":2,"iceandfire:bestiary":1,"minecraft:gold_nugget":397,"minecraft:beef":13,"minecraft:jungle_sapling":1,"minecraft:melon_slice":161,"minecraft:chest":1,"minecraft:iron_boots":1,"minecraft:stick":26,"minecraft:raw_iron":16,"minecraft:big_dripleaf":15,"minecraft:torch":13,"minecraft:spruce_stairs":6,"minecraft:spruce_fence":1,"minecraft:porkchop":2,"minecraft:stone_button":2,"minecraft:diorite":6,"minecraft:stone_sword":1,"biomesoplenty:mahogany_sapling":16,"minecraft:diamond_boots":2,"minecraft:gold_ingot":44,"minecraft:brick_stairs":3,"minecraft:mutton":3,"minecraft:white_wool":3,"minecraft:cobblestone":323,"minecraft:leather_chestplate":2,"minecraft:lilac":2,"minecraft:andesite":18,"minecraft:water_bucket":1,"minecraft:salmon":9,"minecraft:leather":9,"minecraft:flint":1,"biomesoplenty:mahogany_boat":2,"minecraft:oak_log":17,"minecraft:cobblestone_stairs":1,"minecraft:dirt":4,"minecraft:apple":1,"minecraft:stone_bricks":1,"iceandfire:pixie_jar_empty":1,"minecraft:bow":1,"minecraft:wheat_seeds":4,"biomesoplenty:magic_log":1,"minecraft:iron_sword":1,"biomesoplenty:mahogany_planks":8,"minecraft:book":3,"minecraft:oak_slab":5,"minecraft:gravel":4,"minecraft:lava_bucket":1,"minecraft:sand":19,"minecraft:white_bed":7,"minecraft:spider_eye":1,"minecraft:leather_helmet":2,"minecraft:brick_slab":1,"biomesoplenty:mahogany_log":94,"travelersbackpack:standard":2,"minecraft:firework_rocket":1,"minecraft:stone_axe":1,"iceandfire:lectern":2,"minecraft:iron_helmet":1,"minecraft:oak_sapling":2,"minecraft:coal":109,"iceandfire:raw_silver":1,"minecraft:ender_pearl":1},"minecraft:custom":{"minecraft:mob_kills":24,"minecraft:interact_with_crafting_table":64,"minecraft:leave_game":7,"minecraft:time_since_death":8075,"minecraft:climb_one_cm":15153,"minecraft:sprint_one_cm":329375,"minecraft:walk_one_cm":629281,"minecraft:damage_blocked_by_shield":345,"minecraft:drop":62,"minecraft:talked_to_villager":4,"minecraft:play_time":186263,"minecraft:deaths":16,"minecraft:sneak_time":7504,"minecraft:walk_under_water_one_cm":41369,"minecraft:boat_one_cm":230048,"minecraft:jump":3758,"minecraft:walk_on_water_one_cm":77002,"minecraft:total_world_time":186263,"minecraft:interact_with_furnace":55,"minecraft:interact_with_stonecutter":1,"minecraft:sleep_in_bed":6,"minecraft:time_since_rest":8131,"minecraft:damage_taken":5178,"minecraft:damage_dealt":2739,"minecraft:swim_one_cm":182487,"minecraft:fly_one_cm":507412,"minecraft:open_chest":85,"minecraft:crouch_one_cm":20981,"minecraft:fall_one_cm":122344},"minecraft:used":{"iceandfire:lectern":1,"biomesoplenty:mahogany_planks":17,"minecraft:ladder":20,"minecraft:chest":4,"minecraft:shield":9,"minecraft:iron_sword":40,"minecraft:torch":77,"minecraft:dirt":1,"minecraft:jungle_sapling":1,"minecraft:wooden_axe":102,"minecraft:lava_bucket":3,"minecraft:stone_bricks":1,"minecraft:bow":16,"minecraft:oak_sapling":2,"minecraft:furnace":2,"minecraft:cooked_beef":6,"minecraft:water_bucket":22,"minecraft:stone_pickaxe":305,"minecraft:oak_planks":1,"minecraft:ender_pearl":1,"minecraft:wooden_pickaxe":4,"minecraft:salmon":2,"minecraft:crafting_table":9,"minecraft:white_bed":7,"minecraft:bread":1,"minecraft:melon_slice":49,"minecraft:iron_pickaxe":223,"minecraft:lilac":1,"minecraft:stone_axe":148,"biomesoplenty:mahogany_boat":4,"minecraft:wooden_sword":11,"minecraft:cobblestone":106,"travelersbackpack:standard":7,"minecraft:bucket":30,"minecraft:oak_boat":2},"minecraft:dropped":{"minecraft:water_bucket":1,"biomesoplenty:mahogany_log":9,"minecraft:wheat_seeds":2,"minecraft:lilac":1,"minecraft:cobblestone":2,"biomesoplenty:mahogany_planks":3,"minecraft:spruce_stairs":3,"minecraft:leather_helmet":2,"minecraft:item_frame":2,"minecraft:lava_bucket":1,"minecraft:stone_button":2,"gravestone:obituary":19,"minecraft:gold_nugget":7,"minecraft:glistering_melon_slice":1,"minecraft:stone_axe":2,"minecraft:cocoa_beans":6,"minecraft:iron_boots":1,"minecraft:leather_chestplate":2,"minecraft:brick_stairs":3,"minecraft:iron_chestplate":1,"minecraft:leather_leggings":2,"minecraft:diamond_boots":1,"biomesoplenty:mahogany_sapling":12,"minecraft:brick_slab":1},"minecraft:killed_by":{"minecraft:player":3,"minecraft:creeper":1,"minecraft:skeleton":2,"iceandfire:fire_dragon":3},"minecraft:crafted":{"minecraft:wooden_sword":1,"minecraft:oak_planks":32,"biomesoplenty:mahogany_planks":276,"minecraft:furnace":2,"minecraft:cooked_mutton":3,"minecraft:glass":19,"travelersbackpack:white_sleeping_bag":1,"minecraft:ladder":21,"minecraft:stone_pickaxe":3,"minecraft:chest":4,"minecraft:glistering_melon_slice":1,"minecraft:cooked_beef":11,"minecraft:cooked_porkchop":2,"minecraft:crafting_table":7,"travelersbackpack:backpack_tank":2,"minecraft:wooden_pickaxe":1,"travelersbackpack:standard":1,"minecraft:bucket":2,"minecraft:stone_axe":2,"minecraft:air":0,"minecraft:oak_boat":2,"minecraft:iron_chestplate":1,"minecraft:charcoal":20,"minecraft:golden_apple":1,"minecraft:shield":1,"biomesoplenty:mahogany_door":3,"minecraft:stick":84,"minecraft:iron_ingot":16,"minecraft:iron_pickaxe":1,"minecraft:wooden_axe":3,"biomesoplenty:mahogany_boat":3,"minecraft:gold_ingot":39,"minecraft:torch":68},"minecraft:mined":{"minecraft:white_bed":7,"iceandfire:silver_ore":1,"minecraft:jungle_leaves":6,"gravestone:gravestone":15,"minecraft:ladder":2,"biomesoplenty:bush":16,"minecraft:grass_block":3,"minecraft:spruce_fence":1,"iceandfire:lectern":2,"minecraft:tall_seagrass":3,"minecraft:iron_ore":16,"minecraft:fire":2,"minecraft:andesite":18,"minecraft:big_dripleaf_stem":4,"biomesoplenty:hanging_cobweb":1,"minecraft:bookshelf":1,"biomesoplenty:high_grass":1,"iceandfire:gold_pile":42,"biomesoplenty:mahogany_leaves":2,"biomesoplenty:webbing":2,"biomesoplenty:spider_egg":3,"minecraft:stone":327,"iceandfire:podium_spruce":1,"minecraft:cake":1,"iceandfire:pixie_jar_empty":1,"minecraft:oak_slab":5,"minecraft:glass_pane":2,"travelersbackpack:standard":2,"biomesoplenty:hanging_cobweb_strand":1,"minecraft:crafting_table":3,"minecraft:torch":4,"minecraft:melon":35,"biomesoplenty:mahogany_planks":5,"minecraft:chest":1,"biomesoplenty:high_grass_plant":2,"minecraft:cobblestone":7,"biomesoplenty:sprout":2,"minecraft:diorite":6,"minecraft:wall_torch":3,"minecraft:big_dripleaf":2,"minecraft:spruce_stairs":2,"biomesoplenty:magic_leaves":3,"biomesoplenty:mahogany_log":75,"minecraft:lilac":5,"minecraft:grass":13,"minecraft:oak_log":17,"minecraft:coal_ore":111,"minecraft:cocoa":2,"minecraft:gravel":5,"minecraft:sand":19,"minecraft:dirt":1,"minecraft:cobweb":11,"minecraft:stone_bricks":1,"minecraft:oak_leaves":30,"minecraft:fern":24}},"DataVersion":3465}