{"stats":{"minecraft:killed":{"minecraft:pig":1,"minecraft:cow":2},"minecraft:picked_up":{"minecraft:crafting_table":1,"minecraft:cocoa_beans":6,"minecraft:stick":5,"minecraft:apple":1,"minecraft:leather":3,"minecraft:beef":5,"minecraft:porkchop":2,"minecraft:oak_log":12,"minecraft:melon_slice":9},"minecraft:used":{"minecraft:wooden_axe":17,"minecraft:crafting_table":1,"minecraft:melon_slice":2},"minecraft:custom":{"minecraft:time_since_rest":6341,"minecraft:crouch_one_cm":530,"minecraft:play_time":6341,"minecraft:sprint_one_cm":7333,"minecraft:damage_taken":70,"minecraft:walk_one_cm":27899,"minecraft:sneak_time":181,"minecraft:walk_under_water_one_cm":488,"minecraft:mob_kills":3,"minecraft:jump":158,"minecraft:damage_dealt":300,"minecraft:time_since_death":6341,"minecraft:walk_on_water_one_cm":387,"minecraft:total_world_time":6341,"minecraft:climb_one_cm":1725,"minecraft:interact_with_crafting_table":1,"minecraft:fall_one_cm":2612,"minecraft:fly_one_cm":2489},"minecraft:crafted":{"minecraft:oak_planks":12,"minecraft:crafting_table":1,"minecraft:wooden_axe":1},"minecraft:mined":{"gravestone:gravestone":1,"minecraft:grass":1,"minecraft:oak_log":12,"minecraft:melon":2,"minecraft:cocoa":2,"minecraft:jungle_leaves":5,"minecraft:crafting_table":1,"minecraft:oak_leaves":6,"minecraft:fern":1}},"DataVersion":3465}