{"stats":{"minecraft:killed":{"minecraft:pig":1,"minecraft:zombie":1,"minecraft:cow":2},"minecraft:broken":{"minecraft:wooden_axe":1},"minecraft:picked_up":{"minecraft:cocoa_beans":6,"minecraft:crafting_table":2,"minecraft:leather":3,"minecraft:oak_log":12,"gravestone:obituary":3,"minecraft:string":1,"minecraft:apple":1,"minecraft:wheat_seeds":4,"minecraft:beef":5,"minecraft:jungle_sapling":1,"minecraft:melon_slice":161,"minecraft:chest":1,"biomesoplenty:mahogany_planks":5,"minecraft:stick":16,"minecraft:raw_iron":1,"minecraft:torch":1,"minecraft:porkchop":2,"biomesoplenty:mahogany_log":43,"biomesoplenty:mahogany_sapling":4,"minecraft:oak_sapling":1,"minecraft:cobblestone":52},"minecraft:used":{"biomesoplenty:mahogany_planks":6,"minecraft:stone_pickaxe":47,"minecraft:oak_planks":1,"minecraft:chest":3,"minecraft:torch":16,"minecraft:crafting_table":3,"minecraft:jungle_sapling":1,"minecraft:wooden_axe":102,"minecraft:melon_slice":11,"minecraft:wooden_sword":11,"minecraft:cobblestone":3,"minecraft:oak_sapling":1,"minecraft:furnace":1},"minecraft:custom":{"minecraft:interact_with_furnace":11,"minecraft:mob_kills":4,"minecraft:interact_with_crafting_table":17,"minecraft:time_since_death":19006,"minecraft:climb_one_cm":6785,"minecraft:time_since_rest":19039,"minecraft:sprint_one_cm":48026,"minecraft:damage_taken":1600,"minecraft:walk_one_cm":166923,"minecraft:drop":6,"minecraft:damage_dealt":873,"minecraft:swim_one_cm":48715,"minecraft:fly_one_cm":30639,"minecraft:open_chest":1,"minecraft:crouch_one_cm":3100,"minecraft:play_time":42341,"minecraft:deaths":5,"minecraft:sneak_time":1147,"minecraft:walk_under_water_one_cm":9875,"minecraft:jump":725,"minecraft:walk_on_water_one_cm":15871,"minecraft:total_world_time":42341,"minecraft:fall_one_cm":10783},"minecraft:dropped":{"minecraft:wheat_seeds":2,"minecraft:cocoa_beans":6,"gravestone:obituary":3},"minecraft:killed_by":{"minecraft:player":3,"minecraft:skeleton":1,"minecraft:creeper":1},"minecraft:crafted":{"minecraft:wooden_sword":1,"minecraft:oak_planks":12,"minecraft:crafting_table":1,"biomesoplenty:mahogany_planks":72,"minecraft:wooden_pickaxe":1,"minecraft:furnace":1,"minecraft:stone_axe":1,"minecraft:air":0,"minecraft:charcoal":20,"minecraft:shield":1,"minecraft:stick":32,"minecraft:iron_ingot":1,"minecraft:stone_pickaxe":1,"minecraft:wooden_axe":3,"minecraft:chest":2,"minecraft:torch":40},"minecraft:mined":{"minecraft:jungle_leaves":6,"biomesoplenty:hanging_cobweb_strand":1,"minecraft:crafting_table":2,"gravestone:gravestone":4,"minecraft:melon":35,"biomesoplenty:mahogany_planks":5,"minecraft:chest":1,"biomesoplenty:sprout":1,"minecraft:wall_torch":1,"minecraft:tall_seagrass":3,"biomesoplenty:mahogany_log":24,"minecraft:iron_ore":1,"biomesoplenty:hanging_cobweb":1,"minecraft:grass":8,"minecraft:oak_log":12,"biomesoplenty:mahogany_leaves":2,"minecraft:cocoa":2,"minecraft:cobweb":1,"minecraft:stone":46,"minecraft:oak_leaves":18,"minecraft:fern":20}},"DataVersion":3465}