{"stats":{"minecraft:killed":{"minecraft:pig":1,"minecraft:cow":2},"minecraft:broken":{"minecraft:wooden_axe":1},"minecraft:picked_up":{"minecraft:cocoa_beans":6,"minecraft:stick":16,"minecraft:crafting_table":2,"minecraft:leather":3,"minecraft:porkchop":2,"minecraft:oak_log":12,"gravestone:obituary":3,"biomesoplenty:mahogany_log":43,"minecraft:apple":1,"minecraft:wheat_seeds":4,"biomesoplenty:mahogany_sapling":4,"minecraft:beef":5,"minecraft:jungle_sapling":1,"minecraft:oak_sapling":1,"minecraft:melon_slice":161,"biomesoplenty:mahogany_planks":5,"minecraft:cobblestone":6},"minecraft:custom":{"minecraft:time_since_rest":7039,"minecraft:sprint_one_cm":40247,"minecraft:interact_with_furnace":2,"minecraft:damage_taken":1535,"minecraft:walk_one_cm":110098,"minecraft:mob_kills":3,"minecraft:drop":6,"minecraft:damage_dealt":675,"minecraft:swim_one_cm":48530,"minecraft:interact_with_crafting_table":8,"minecraft:fly_one_cm":27280,"minecraft:crouch_one_cm":1454,"minecraft:play_time":30341,"minecraft:deaths":5,"minecraft:sneak_time":507,"minecraft:walk_under_water_one_cm":7968,"minecraft:jump":681,"minecraft:walk_on_water_one_cm":13076,"minecraft:time_since_death":7006,"minecraft:climb_one_cm":6785,"minecraft:total_world_time":30341,"minecraft:fall_one_cm":9306},"minecraft:used":{"biomesoplenty:mahogany_planks":6,"minecraft:jungle_sapling":1,"minecraft:wooden_axe":101,"minecraft:melon_slice":8,"minecraft:oak_planks":1,"minecraft:cobblestone":3,"minecraft:crafting_table":2,"minecraft:oak_sapling":1},"minecraft:dropped":{"minecraft:wheat_seeds":2,"minecraft:cocoa_beans":6,"gravestone:obituary":3},"minecraft:killed_by":{"minecraft:player":3,"minecraft:skeleton":1,"minecraft:creeper":1},"minecraft:crafted":{"minecraft:oak_planks":12,"minecraft:crafting_table":1,"minecraft:stick":32,"biomesoplenty:mahogany_planks":72,"minecraft:wooden_pickaxe":1,"minecraft:stone_pickaxe":1,"minecraft:wooden_axe":3},"minecraft:mined":{"minecraft:tall_seagrass":3,"biomesoplenty:mahogany_log":24,"minecraft:jungle_leaves":6,"minecraft:crafting_table":2,"gravestone:gravestone":4,"minecraft:grass":8,"biomesoplenty:mahogany_planks":5,"minecraft:oak_log":12,"minecraft:melon":35,"minecraft:cocoa":2,"biomesoplenty:mahogany_leaves":2,"biomesoplenty:sprout":1,"minecraft:oak_leaves":18,"minecraft:fern":20}},"DataVersion":3465}