{"stats":{"minecraft:killed":{"minecraft:cave_spider":3,"minecraft:pig":1,"minecraft:salmon":2,"minecraft:sheep":1,"minecraft:zombie":1,"minecraft:cow":7},"minecraft:broken":{"minecraft:stone_pickaxe":2,"minecraft:wooden_axe":1},"minecraft:picked_up":{"minecraft:cocoa_beans":6,"minecraft:crafting_table":2,"minecraft:iron_chestplate":1,"minecraft:leather_leggings":2,"minecraft:enchanted_book":1,"gravestone:obituary":5,"minecraft:string":13,"minecraft:armor_stand":2,"minecraft:iron_leggings":1,"minecraft:item_frame":2,"iceandfire:bestiary":1,"minecraft:gold_nugget":397,"minecraft:beef":11,"minecraft:jungle_sapling":1,"minecraft:melon_slice":161,"minecraft:chest":1,"minecraft:iron_boots":1,"minecraft:stick":16,"minecraft:raw_iron":13,"minecraft:big_dripleaf":15,"minecraft:torch":7,"minecraft:spruce_stairs":6,"minecraft:spruce_fence":1,"minecraft:porkchop":2,"minecraft:stone_button":2,"minecraft:stone_sword":1,"biomesoplenty:mahogany_sapling":4,"minecraft:diamond_boots":2,"minecraft:brick_stairs":3,"minecraft:mutton":2,"minecraft:white_wool":2,"minecraft:cobblestone":97,"minecraft:leather_chestplate":2,"minecraft:lilac":2,"minecraft:salmon":2,"minecraft:leather":7,"minecraft:oak_log":12,"minecraft:cobblestone_stairs":1,"minecraft:dirt":1,"minecraft:apple":1,"minecraft:stone_bricks":1,"iceandfire:pixie_jar_empty":1,"minecraft:bow":1,"minecraft:wheat_seeds":4,"biomesoplenty:magic_log":1,"minecraft:iron_sword":1,"biomesoplenty:mahogany_planks":5,"minecraft:book":3,"minecraft:oak_slab":5,"minecraft:white_bed":4,"minecraft:spider_eye":1,"minecraft:leather_helmet":2,"minecraft:brick_slab":1,"biomesoplenty:mahogany_log":43,"minecraft:firework_rocket":1,"iceandfire:lectern":1,"minecraft:iron_helmet":1,"minecraft:oak_sapling":1,"minecraft:coal":109,"minecraft:ender_pearl":1},"minecraft:custom":{"minecraft:mob_kills":15,"minecraft:interact_with_crafting_table":26,"minecraft:time_since_death":6418,"minecraft:climb_one_cm":7128,"minecraft:sprint_one_cm":128819,"minecraft:walk_one_cm":445978,"minecraft:damage_blocked_by_shield":345,"minecraft:drop":29,"minecraft:talked_to_villager":4,"minecraft:play_time":90341,"minecraft:deaths":9,"minecraft:sneak_time":4715,"minecraft:walk_under_water_one_cm":19914,"minecraft:boat_one_cm":66645,"minecraft:jump":1512,"minecraft:walk_on_water_one_cm":31940,"minecraft:total_world_time":90341,"minecraft:interact_with_furnace":32,"minecraft:interact_with_stonecutter":1,"minecraft:sleep_in_bed":1,"minecraft:time_since_rest":6434,"minecraft:damage_taken":2786,"minecraft:damage_dealt":2099,"minecraft:swim_one_cm":64953,"minecraft:fly_one_cm":104289,"minecraft:open_chest":34,"minecraft:crouch_one_cm":15960,"minecraft:fall_one_cm":29940},"minecraft:used":{"biomesoplenty:mahogany_planks":6,"minecraft:chest":4,"minecraft:shield":9,"minecraft:iron_sword":26,"minecraft:torch":65,"minecraft:jungle_sapling":1,"minecraft:wooden_axe":102,"minecraft:stone_bricks":1,"minecraft:furnace":2,"minecraft:oak_sapling":1,"minecraft:water_bucket":2,"minecraft:stone_pickaxe":259,"minecraft:oak_planks":1,"minecraft:salmon":2,"minecraft:crafting_table":4,"minecraft:white_bed":3,"minecraft:melon_slice":24,"minecraft:lilac":1,"biomesoplenty:mahogany_boat":1,"minecraft:stone_axe":48,"minecraft:wooden_sword":11,"minecraft:cobblestone":70,"minecraft:bucket":4},"minecraft:dropped":{"biomesoplenty:mahogany_log":9,"minecraft:wheat_seeds":2,"minecraft:lilac":1,"minecraft:cobblestone":2,"minecraft:spruce_stairs":3,"minecraft:leather_helmet":2,"minecraft:stone_button":2,"gravestone:obituary":7,"minecraft:gold_nugget":7,"minecraft:cocoa_beans":6,"minecraft:iron_boots":1,"minecraft:leather_chestplate":2,"minecraft:brick_stairs":3,"minecraft:iron_chestplate":1,"minecraft:leather_leggings":2,"minecraft:diamond_boots":1,"minecraft:brick_slab":1},"minecraft:killed_by":{"minecraft:player":3,"minecraft:creeper":1,"minecraft:skeleton":2,"iceandfire:fire_dragon":2},"minecraft:crafted":{"minecraft:wooden_sword":1,"minecraft:oak_planks":12,"biomesoplenty:mahogany_planks":72,"minecraft:furnace":2,"minecraft:stone_pickaxe":2,"minecraft:chest":3,"minecraft:cooked_beef":5,"minecraft:crafting_table":2,"minecraft:wooden_pickaxe":1,"minecraft:bucket":2,"minecraft:stone_axe":1,"minecraft:air":0,"minecraft:iron_chestplate":1,"minecraft:charcoal":20,"minecraft:shield":1,"minecraft:stick":32,"minecraft:iron_ingot":13,"minecraft:wooden_axe":3,"biomesoplenty:mahogany_boat":1,"minecraft:gold_ingot":39,"minecraft:torch":68},"minecraft:mined":{"minecraft:white_bed":4,"minecraft:jungle_leaves":6,"gravestone:gravestone":8,"biomesoplenty:bush":5,"minecraft:grass_block":1,"minecraft:spruce_fence":1,"iceandfire:lectern":1,"minecraft:tall_seagrass":3,"minecraft:iron_ore":13,"minecraft:fire":2,"minecraft:big_dripleaf_stem":4,"biomesoplenty:hanging_cobweb":1,"minecraft:bookshelf":1,"biomesoplenty:high_grass":1,"iceandfire:gold_pile":42,"biomesoplenty:mahogany_leaves":2,"biomesoplenty:webbing":2,"minecraft:stone":89,"biomesoplenty:spider_egg":3,"iceandfire:podium_spruce":1,"minecraft:cake":1,"iceandfire:pixie_jar_empty":1,"minecraft:oak_slab":5,"minecraft:glass_pane":2,"biomesoplenty:hanging_cobweb_strand":1,"minecraft:crafting_table":2,"biomesoplenty:mahogany_planks":5,"minecraft:melon":35,"minecraft:chest":1,"biomesoplenty:high_grass_plant":2,"minecraft:cobblestone":4,"biomesoplenty:sprout":2,"minecraft:wall_torch":2,"minecraft:big_dripleaf":2,"minecraft:spruce_stairs":2,"biomesoplenty:mahogany_log":24,"minecraft:lilac":1,"minecraft:grass":10,"minecraft:oak_log":12,"minecraft:coal_ore":111,"minecraft:cocoa":2,"minecraft:cobweb":11,"minecraft:stone_bricks":1,"minecraft:oak_leaves":23,"minecraft:fern":20}},"DataVersion":3465}