{"stats":{"minecraft:killed":{"minecraft:cave_spider":3,"minecraft:pig":1,"minecraft:salmon":2,"minecraft:sheep":2,"minecraft:zombie":1,"minecraft:cow":7},"minecraft:broken":{"minecraft:stone_pickaxe":2,"minecraft:wooden_axe":1},"minecraft:picked_up":{"minecraft:cocoa_beans":6,"minecraft:crafting_table":3,"minecraft:iron_chestplate":1,"minecraft:ladder":1,"minecraft:leather_leggings":2,"minecraft:enchanted_book":1,"gravestone:obituary":6,"minecraft:string":13,"minecraft:item_frame":2,"minecraft:iron_leggings":1,"minecraft:armor_stand":2,"iceandfire:bestiary":1,"minecraft:gold_nugget":397,"minecraft:beef":11,"minecraft:jungle_sapling":1,"minecraft:melon_slice":161,"minecraft:chest":1,"minecraft:iron_boots":1,"minecraft:stick":22,"minecraft:raw_iron":16,"minecraft:big_dripleaf":15,"minecraft:torch":8,"minecraft:spruce_stairs":6,"minecraft:spruce_fence":1,"minecraft:porkchop":2,"minecraft:stone_button":2,"minecraft:diorite":6,"minecraft:stone_sword":1,"biomesoplenty:mahogany_sapling":10,"minecraft:diamond_boots":2,"minecraft:gold_ingot":44,"minecraft:brick_stairs":3,"minecraft:mutton":3,"minecraft:white_wool":3,"minecraft:cobblestone":285,"minecraft:leather_chestplate":2,"minecraft:lilac":2,"minecraft:andesite":4,"minecraft:water_bucket":1,"minecraft:salmon":2,"minecraft:leather":7,"minecraft:oak_log":17,"minecraft:cobblestone_stairs":1,"minecraft:dirt":2,"minecraft:apple":1,"minecraft:stone_bricks":1,"iceandfire:pixie_jar_empty":1,"minecraft:bow":1,"minecraft:wheat_seeds":4,"biomesoplenty:magic_log":1,"minecraft:iron_sword":1,"biomesoplenty:mahogany_planks":5,"minecraft:book":3,"minecraft:oak_slab":5,"minecraft:gravel":2,"minecraft:lava_bucket":1,"minecraft:sand":19,"minecraft:white_bed":7,"minecraft:spider_eye":1,"minecraft:leather_helmet":2,"minecraft:brick_slab":1,"biomesoplenty:mahogany_log":66,"travelersbackpack:standard":2,"minecraft:firework_rocket":1,"minecraft:stone_axe":1,"iceandfire:lectern":2,"minecraft:iron_helmet":1,"minecraft:oak_sapling":2,"minecraft:coal":109,"iceandfire:raw_silver":1,"minecraft:ender_pearl":1},"minecraft:custom":{"minecraft:mob_kills":16,"minecraft:interact_with_crafting_table":58,"minecraft:leave_game":5,"minecraft:time_since_death":2670,"minecraft:climb_one_cm":11306,"minecraft:sprint_one_cm":263383,"minecraft:walk_one_cm":569329,"minecraft:damage_blocked_by_shield":345,"minecraft:drop":53,"minecraft:talked_to_villager":4,"minecraft:play_time":161891,"minecraft:deaths":14,"minecraft:sneak_time":6212,"minecraft:walk_under_water_one_cm":30735,"minecraft:boat_one_cm":83115,"minecraft:jump":3131,"minecraft:walk_on_water_one_cm":51178,"minecraft:total_world_time":161891,"minecraft:interact_with_furnace":51,"minecraft:interact_with_stonecutter":1,"minecraft:sleep_in_bed":6,"minecraft:time_since_rest":2723,"minecraft:damage_taken":4455,"minecraft:damage_dealt":2431,"minecraft:swim_one_cm":137045,"minecraft:fly_one_cm":402128,"minecraft:open_chest":76,"minecraft:crouch_one_cm":19013,"minecraft:fall_one_cm":97418},"minecraft:used":{"iceandfire:lectern":1,"biomesoplenty:mahogany_planks":12,"minecraft:ladder":10,"minecraft:chest":4,"minecraft:shield":9,"minecraft:iron_sword":40,"minecraft:torch":70,"minecraft:dirt":1,"minecraft:jungle_sapling":1,"minecraft:wooden_axe":102,"minecraft:lava_bucket":3,"minecraft:stone_bricks":1,"minecraft:bow":16,"minecraft:oak_sapling":2,"minecraft:furnace":2,"minecraft:cooked_beef":2,"minecraft:water_bucket":18,"minecraft:stone_pickaxe":305,"minecraft:oak_planks":1,"minecraft:ender_pearl":1,"minecraft:wooden_pickaxe":4,"minecraft:salmon":2,"minecraft:crafting_table":8,"minecraft:white_bed":7,"minecraft:bread":1,"minecraft:melon_slice":49,"minecraft:iron_pickaxe":158,"minecraft:lilac":1,"minecraft:stone_axe":98,"biomesoplenty:mahogany_boat":1,"minecraft:wooden_sword":11,"minecraft:cobblestone":73,"travelersbackpack:standard":7,"minecraft:bucket":26,"minecraft:oak_boat":2},"minecraft:dropped":{"minecraft:water_bucket":1,"biomesoplenty:mahogany_log":9,"minecraft:wheat_seeds":2,"minecraft:lilac":1,"minecraft:cobblestone":2,"minecraft:spruce_stairs":3,"minecraft:leather_helmet":2,"minecraft:item_frame":2,"minecraft:lava_bucket":1,"minecraft:stone_button":2,"gravestone:obituary":15,"minecraft:gold_nugget":7,"minecraft:glistering_melon_slice":1,"minecraft:stone_axe":2,"minecraft:cocoa_beans":6,"minecraft:iron_boots":1,"minecraft:leather_chestplate":2,"minecraft:brick_stairs":3,"minecraft:iron_chestplate":1,"minecraft:leather_leggings":2,"minecraft:diamond_boots":1,"biomesoplenty:mahogany_sapling":10,"minecraft:brick_slab":1},"minecraft:killed_by":{"minecraft:player":3,"minecraft:creeper":1,"minecraft:skeleton":2,"iceandfire:fire_dragon":2},"minecraft:crafted":{"minecraft:wooden_sword":1,"minecraft:oak_planks":32,"biomesoplenty:mahogany_planks":140,"minecraft:furnace":2,"minecraft:cooked_mutton":3,"minecraft:glass":19,"travelersbackpack:white_sleeping_bag":1,"minecraft:ladder":21,"minecraft:stone_pickaxe":3,"minecraft:chest":4,"minecraft:glistering_melon_slice":1,"minecraft:cooked_beef":11,"minecraft:cooked_porkchop":2,"minecraft:crafting_table":6,"travelersbackpack:backpack_tank":2,"minecraft:wooden_pickaxe":1,"travelersbackpack:standard":1,"minecraft:bucket":2,"minecraft:stone_axe":1,"minecraft:air":0,"minecraft:oak_boat":2,"minecraft:iron_chestplate":1,"minecraft:charcoal":20,"minecraft:golden_apple":1,"minecraft:shield":1,"biomesoplenty:mahogany_door":3,"minecraft:stick":80,"minecraft:iron_ingot":13,"minecraft:iron_pickaxe":1,"minecraft:wooden_axe":3,"biomesoplenty:mahogany_boat":1,"minecraft:gold_ingot":39,"minecraft:torch":68},"minecraft:mined":{"minecraft:white_bed":7,"iceandfire:silver_ore":1,"minecraft:jungle_leaves":6,"gravestone:gravestone":12,"minecraft:ladder":1,"biomesoplenty:bush":16,"minecraft:grass_block":2,"minecraft:spruce_fence":1,"iceandfire:lectern":2,"minecraft:tall_seagrass":3,"minecraft:iron_ore":16,"minecraft:fire":2,"minecraft:andesite":4,"minecraft:big_dripleaf_stem":4,"biomesoplenty:hanging_cobweb":1,"minecraft:bookshelf":1,"biomesoplenty:high_grass":1,"iceandfire:gold_pile":42,"biomesoplenty:mahogany_leaves":2,"biomesoplenty:webbing":2,"biomesoplenty:spider_egg":3,"minecraft:stone":279,"iceandfire:podium_spruce":1,"minecraft:cake":1,"iceandfire:pixie_jar_empty":1,"minecraft:oak_slab":5,"minecraft:glass_pane":2,"travelersbackpack:standard":2,"biomesoplenty:hanging_cobweb_strand":1,"minecraft:crafting_table":3,"minecraft:melon":35,"biomesoplenty:mahogany_planks":5,"minecraft:chest":1,"biomesoplenty:high_grass_plant":2,"minecraft:cobblestone":5,"biomesoplenty:sprout":2,"minecraft:diorite":6,"minecraft:wall_torch":3,"minecraft:big_dripleaf":2,"minecraft:spruce_stairs":2,"biomesoplenty:mahogany_log":47,"minecraft:lilac":5,"minecraft:grass":13,"minecraft:oak_log":17,"minecraft:coal_ore":111,"minecraft:cocoa":2,"minecraft:gravel":2,"minecraft:sand":19,"minecraft:cobweb":11,"minecraft:stone_bricks":1,"minecraft:oak_leaves":30,"minecraft:fern":24}},"DataVersion":3465}