{"stats":{"minecraft:killed":{"minecraft:pig":1,"minecraft:cow":2},"minecraft:picked_up":{"minecraft:cocoa_beans":6,"minecraft:stick":9,"minecraft:crafting_table":1,"minecraft:leather":3,"minecraft:porkchop":2,"minecraft:oak_log":12,"gravestone:obituary":1,"minecraft:apple":1,"minecraft:wheat_seeds":2,"minecraft:beef":5,"minecraft:jungle_sapling":1,"minecraft:oak_sapling":1,"minecraft:melon_slice":30,"minecraft:cobblestone":6},"minecraft:used":{"minecraft:jungle_sapling":1,"minecraft:wooden_axe":29,"minecraft:melon_slice":6,"minecraft:cobblestone":3,"minecraft:crafting_table":2,"minecraft:oak_sapling":1},"minecraft:custom":{"minecraft:time_since_rest":6246,"minecraft:sprint_one_cm":23829,"minecraft:interact_with_furnace":2,"minecraft:damage_taken":895,"minecraft:walk_one_cm":67095,"minecraft:mob_kills":3,"minecraft:drop":6,"minecraft:damage_dealt":479,"minecraft:swim_one_cm":18935,"minecraft:interact_with_crafting_table":5,"minecraft:fly_one_cm":12092,"minecraft:crouch_one_cm":876,"minecraft:play_time":18341,"minecraft:deaths":2,"minecraft:sneak_time":347,"minecraft:walk_under_water_one_cm":3027,"minecraft:jump":456,"minecraft:walk_on_water_one_cm":3521,"minecraft:time_since_death":6208,"minecraft:climb_one_cm":5000,"minecraft:total_world_time":18341,"minecraft:fall_one_cm":5639},"minecraft:dropped":{"minecraft:wheat_seeds":2,"minecraft:cocoa_beans":6,"gravestone:obituary":3},"minecraft:killed_by":{"minecraft:player":1,"minecraft:creeper":1},"minecraft:crafted":{"minecraft:oak_planks":12,"minecraft:crafting_table":1,"minecraft:wooden_pickaxe":1,"minecraft:stone_pickaxe":1,"minecraft:wooden_axe":1},"minecraft:mined":{"minecraft:jungle_leaves":5,"minecraft:crafting_table":1,"gravestone:gravestone":3,"minecraft:grass":5,"minecraft:oak_log":12,"minecraft:melon":7,"minecraft:cocoa":2,"biomesoplenty:sprout":1,"minecraft:oak_leaves":14,"minecraft:fern":7}},"DataVersion":3465}