{"stats":{"minecraft:killed":{"minecraft:pig":4,"minecraft:spider":2,"minecraft:creeper":2,"minecraft:skeleton":2,"minecraft:zombie":5},"minecraft:broken":{"minecraft:stone_pickaxe":1},"minecraft:picked_up":{"minecraft:cocoa_beans":18,"minecraft:crafting_table":7,"minecraft:jungle_boat":1,"minecraft:glow_ink_sac":11,"minecraft:jungle_log":10,"minecraft:oak_log":19,"minecraft:gunpowder":4,"minecraft:string":3,"minecraft:dirt":23,"minecraft:raw_copper":66,"minecraft:moss_carpet":1,"minecraft:bone":1,"minecraft:apple":2,"minecraft:wheat_seeds":1,"minecraft:cobbled_deepslate":1,"minecraft:raw_gold":4,"minecraft:jungle_sapling":1,"minecraft:bamboo":12,"minecraft:furnace":2,"minecraft:stick":6,"minecraft:raw_iron":50,"minecraft:porkchop":8,"minecraft:spider_eye":1,"minecraft:rotten_flesh":4,"minecraft:tropical_fish":4,"minecraft:granite":2,"minecraft:oak_sapling":4,"minecraft:glow_berries":32,"minecraft:coal":21,"iceandfire:raw_silver":1,"minecraft:cobblestone":54},"minecraft:used":{"minecraft:tropical_fish":4,"minecraft:stone_pickaxe":131,"minecraft:shield":4,"minecraft:wooden_pickaxe":23,"minecraft:rotten_flesh":4,"minecraft:jungle_boat":1,"minecraft:glow_berries":37,"minecraft:dirt":14,"minecraft:crafting_table":7,"minecraft:apple":2,"minecraft:iron_pickaxe":14,"minecraft:stone_axe":81,"minecraft:cobblestone":14,"minecraft:furnace":3,"minecraft:cooked_porkchop":1,"minecraft:bucket":2},"minecraft:custom":{"minecraft:interact_with_furnace":27,"minecraft:mob_kills":15,"minecraft:interact_with_crafting_table":19,"minecraft:leave_game":2,"minecraft:time_since_death":23559,"minecraft:climb_one_cm":4674,"minecraft:time_since_rest":23589,"minecraft:sprint_one_cm":56519,"minecraft:damage_taken":2306,"minecraft:walk_one_cm":135855,"minecraft:damage_blocked_by_shield":255,"minecraft:drop":17,"minecraft:damage_dealt":2795,"minecraft:swim_one_cm":16001,"minecraft:fly_one_cm":101789,"minecraft:player_kills":1,"minecraft:crouch_one_cm":10975,"minecraft:play_time":51519,"minecraft:deaths":6,"minecraft:sneak_time":2911,"minecraft:walk_under_water_one_cm":5014,"minecraft:boat_one_cm":42795,"minecraft:jump":1007,"minecraft:walk_on_water_one_cm":18811,"minecraft:total_world_time":51519,"minecraft:fall_one_cm":23420},"minecraft:dropped":{"minecraft:moss_carpet":1,"minecraft:wheat_seeds":1,"minecraft:cobbled_deepslate":1,"minecraft:cocoa_beans":18,"minecraft:cobblestone":6,"minecraft:granite":2,"minecraft:oak_sapling":4,"gravestone:obituary":5,"minecraft:jungle_sapling":1,"minecraft:spider_eye":1,"minecraft:wooden_pickaxe":1},"minecraft:killed_by":{"minecraft:skeleton":3,"minecraft:creeper":1,"minecraft:zombie":1},"minecraft:crafted":{"minecraft:oak_planks":28,"minecraft:cooked_porkchop":1,"minecraft:crafting_table":1,"minecraft:jungle_boat":1,"minecraft:wooden_pickaxe":1,"minecraft:furnace":1,"iceandfire:armor_copper_metal_leggings":1,"minecraft:copper_ingot":25,"minecraft:bucket":2,"minecraft:stone_axe":2,"iceandfire:armor_copper_metal_boots":1,"minecraft:air":0,"iceandfire:armor_copper_metal_helmet":1,"minecraft:jungle_planks":40,"minecraft:shield":1,"minecraft:stick":12,"minecraft:iron_pickaxe":1,"minecraft:iron_ingot":32,"iceandfire:armor_copper_metal_chestplate":1,"minecraft:stone_pickaxe":2},"minecraft:mined":{"iceandfire:silver_ore":1,"minecraft:sculk_vein":1,"minecraft:jungle_leaves":3,"minecraft:crafting_table":7,"minecraft:cave_vines_plant":11,"gravestone:gravestone":2,"minecraft:granite":2,"minecraft:jungle_log":10,"minecraft:copper_ore":22,"minecraft:cobblestone":5,"minecraft:deepslate_gold_ore":4,"minecraft:sculk_catalyst":1,"minecraft:furnace":2,"minecraft:iron_ore":34,"minecraft:sculk_shrieker":1,"minecraft:grass":4,"minecraft:oak_log":23,"minecraft:coal_ore":17,"minecraft:cave_vines":45,"minecraft:deepslate_iron_ore":16,"minecraft:vine":5,"minecraft:dirt":24,"minecraft:bamboo":1,"minecraft:stone":50,"minecraft:deepslate":1}},"DataVersion":3465}