{"stats":{"minecraft:killed":{"minecraft:spider":2,"minecraft:skeleton":2,"minecraft:horse":2,"minecraft:chicken":4,"minecraft:pig":4,"minecraft:creeper":2,"minecraft:zombie":5,"minecraft:cow":13},"minecraft:broken":{"minecraft:stone_pickaxe":1},"minecraft:picked_up":{"minecraft:cocoa_beans":18,"minecraft:crafting_table":12,"minecraft:wheat":117,"minecraft:chicken":4,"minecraft:smithing_table":1,"iceandfire:armor_copper_metal_chestplate":1,"minecraft:shield":1,"minecraft:raw_copper":107,"minecraft:string":3,"minecraft:moss_carpet":1,"minecraft:item_frame":7,"minecraft:experience_bottle":1,"minecraft:gold_nugget":634,"minecraft:cobbled_deepslate":1,"minecraft:beef":26,"minecraft:jungle_sapling":1,"minecraft:melon_slice":36,"minecraft:furnace":7,"minecraft:golden_helmet":1,"minecraft:stick":12,"minecraft:raw_iron":55,"minecraft:acacia_fence":1,"minecraft:acacia_log":7,"minecraft:porkchop":8,"iceandfire:armor_copper_metal_boots":1,"minecraft:stone_pressure_plate":2,"minecraft:rotten_flesh":4,"minecraft:tropical_fish":4,"minecraft:hay_block":54,"minecraft:gold_ingot":6,"minecraft:glow_berries":32,"minecraft:cod":2,"minecraft:white_wool":9,"minecraft:cobblestone":59,"minecraft:magma_block":4,"minecraft:jungle_boat":1,"minecraft:feather":1,"minecraft:glow_ink_sac":11,"minecraft:jungle_log":10,"minecraft:leather":14,"minecraft:oak_log":19,"minecraft:yellow_bed":2,"minecraft:gunpowder":4,"minecraft:dirt":62,"minecraft:cooked_mutton":2,"minecraft:bone":1,"minecraft:apple":2,"minecraft:wheat_seeds":309,"minecraft:raw_gold":4,"minecraft:iron_ingot":3,"minecraft:bamboo":12,"minecraft:acacia_sapling":3,"minecraft:cooked_porkchop":2,"minecraft:sand":62,"minecraft:spider_eye":1,"minecraft:granite":2,"minecraft:emerald":1,"minecraft:oak_sapling":4,"minecraft:netherrack":6,"minecraft:melon_seeds":2,"minecraft:coal":28,"iceandfire:raw_silver":1},"minecraft:used":{"minecraft:tropical_fish":4,"minecraft:shield":5,"minecraft:rotten_flesh":4,"iceandfire:armor_copper_metal_boots":1,"minecraft:dirt":55,"minecraft:golden_shovel":17,"minecraft:iron_boots":1,"minecraft:furnace":5,"minecraft:wheat_seeds":104,"minecraft:water_bucket":10,"minecraft:stone_pickaxe":235,"minecraft:wooden_pickaxe":23,"minecraft:jungle_boat":1,"minecraft:glow_berries":37,"minecraft:crafting_table":13,"minecraft:apple":2,"minecraft:bread":18,"minecraft:iron_pickaxe":15,"minecraft:stone_axe":147,"minecraft:cobblestone":14,"travelersbackpack:standard":19,"minecraft:cooked_porkchop":1,"minecraft:smithing_table":2,"minecraft:bucket":15,"minecraft:experience_bottle":1},"minecraft:custom":{"minecraft:interact_with_smithing_table":2,"minecraft:mob_kills":34,"minecraft:animals_bred":2,"minecraft:interact_with_crafting_table":38,"minecraft:leave_game":4,"minecraft:time_since_death":3240,"minecraft:climb_one_cm":4674,"minecraft:sprint_one_cm":222560,"minecraft:walk_one_cm":353224,"minecraft:damage_blocked_by_shield":315,"minecraft:drop":55,"minecraft:talked_to_villager":3,"minecraft:play_time":86724,"minecraft:deaths":7,"minecraft:sneak_time":3459,"minecraft:walk_under_water_one_cm":6141,"minecraft:boat_one_cm":42795,"minecraft:jump":2408,"minecraft:walk_on_water_one_cm":20667,"minecraft:total_world_time":86724,"minecraft:interact_with_furnace":59,"minecraft:sleep_in_bed":2,"minecraft:time_since_rest":3424,"minecraft:damage_taken":3161,"minecraft:damage_dealt":4904,"minecraft:player_kills":1,"minecraft:swim_one_cm":16001,"minecraft:fly_one_cm":426704,"minecraft:open_chest":66,"minecraft:crouch_one_cm":14766,"minecraft:fall_one_cm":78539},"minecraft:dropped":{"minecraft:wheat_seeds":198,"minecraft:golden_helmet":1,"minecraft:glow_ink_sac":11,"iceandfire:armor_copper_metal_chestplate":2,"minecraft:cobblestone":6,"minecraft:granite":2,"minecraft:jungle_planks":6,"minecraft:coal":2,"minecraft:item_frame":7,"minecraft:stick":5,"minecraft:dirt":1,"iceandfire:armor_copper_metal_boots":1,"minecraft:jungle_sapling":1,"gravestone:obituary":6,"minecraft:string":4,"minecraft:moss_carpet":1,"minecraft:cobbled_deepslate":1,"minecraft:raw_copper":82,"minecraft:cocoa_beans":18,"minecraft:oak_planks":6,"iceandfire:troll_tusk":1,"minecraft:gunpowder":4,"minecraft:melon_seeds":2,"minecraft:oak_sapling":4,"minecraft:acacia_sapling":3,"minecraft:stone_pressure_plate":2,"minecraft:spider_eye":1,"minecraft:bamboo":12,"minecraft:wooden_pickaxe":1,"minecraft:acacia_fence":1},"minecraft:killed_by":{"minecraft:creeper":1,"minecraft:skeleton":3,"minecraft:zombie":1,"iceandfire:fire_dragon":1},"minecraft:crafted":{"minecraft:oak_planks":28,"minecraft:furnace":1,"iceandfire:armor_copper_metal_leggings":1,"travelersbackpack:blank_upgrade":4,"travelersbackpack:gold_tier_upgrade":1,"iceandfire:armor_copper_metal_boots":1,"iceandfire:armor_copper_metal_helmet":1,"minecraft:glass":62,"travelersbackpack:white_sleeping_bag":2,"minecraft:stone_pickaxe":2,"iceandfire:armor_copper_metal_chestplate":1,"minecraft:chest":4,"minecraft:wheat":180,"travelersbackpack:iron_tier_upgrade":1,"minecraft:cooked_porkchop":8,"minecraft:crafting_table":1,"minecraft:jungle_boat":1,"travelersbackpack:backpack_tank":4,"minecraft:wooden_pickaxe":1,"travelersbackpack:standard":3,"minecraft:smithing_table":1,"minecraft:copper_ingot":25,"travelersbackpack:black_sleeping_bag":1,"minecraft:bucket":2,"minecraft:stone_axe":2,"minecraft:bread":70,"minecraft:air":0,"minecraft:jungle_planks":40,"minecraft:shield":1,"minecraft:stick":12,"minecraft:iron_ingot":50,"minecraft:iron_pickaxe":1,"minecraft:gold_ingot":64,"minecraft:acacia_planks":28},"minecraft:mined":{"iceandfire:silver_ore":1,"minecraft:sculk_vein":1,"minecraft:jungle_leaves":3,"minecraft:cave_vines_plant":11,"gravestone:gravestone":3,"minecraft:granite":2,"minecraft:acacia_log":7,"minecraft:grass_block":15,"minecraft:jungle_log":10,"minecraft:spawner":1,"minecraft:hay_block":54,"minecraft:magma_block":6,"minecraft:sculk_catalyst":1,"minecraft:furnace":7,"minecraft:iron_ore":39,"minecraft:fire":3,"minecraft:sculk_shrieker":1,"iceandfire:gold_pile":58,"minecraft:cave_vines":45,"minecraft:deepslate_iron_ore":16,"minecraft:vine":5,"minecraft:bamboo":1,"minecraft:stone":50,"minecraft:white_wool":8,"minecraft:smithing_table":1,"minecraft:melon_stem":1,"minecraft:crafting_table":12,"minecraft:melon":8,"minecraft:campfire":1,"minecraft:tall_grass":5,"minecraft:copper_ore":22,"minecraft:cobblestone":10,"minecraft:deepslate_gold_ore":4,"minecraft:wheat":118,"minecraft:yellow_bed":2,"minecraft:grass":14,"minecraft:oak_log":23,"minecraft:coal_ore":17,"minecraft:acacia_fence":1,"minecraft:sand":62,"minecraft:dirt":49,"minecraft:netherrack":21,"minecraft:deepslate":1}},"DataVersion":3465}