{"stats":{"minecraft:killed":{"minecraft:zombie":1},"minecraft:picked_up":{"minecraft:raw_iron":6,"minecraft:cocoa_beans":18,"minecraft:stick":6,"minecraft:crafting_table":2,"minecraft:jungle_log":10,"minecraft:oak_log":19,"minecraft:raw_copper":66,"minecraft:apple":2,"minecraft:tropical_fish":3,"minecraft:wheat_seeds":1,"minecraft:granite":2,"minecraft:jungle_sapling":1,"minecraft:bamboo":12,"minecraft:oak_sapling":4,"minecraft:glow_berries":15,"minecraft:coal":10,"minecraft:cobblestone":38,"minecraft:furnace":1},"minecraft:used":{"minecraft:tropical_fish":3,"minecraft:stone_pickaxe":63,"minecraft:wooden_pickaxe":23,"minecraft:stone_axe":43,"minecraft:glow_berries":17,"minecraft:cobblestone":10,"minecraft:crafting_table":2,"minecraft:furnace":1},"minecraft:custom":{"minecraft:time_since_rest":20978,"minecraft:interact_with_furnace":17,"minecraft:sprint_one_cm":15570,"minecraft:damage_taken":1326,"minecraft:walk_one_cm":53338,"minecraft:mob_kills":1,"minecraft:drop":12,"minecraft:damage_dealt":400,"minecraft:player_kills":1,"minecraft:swim_one_cm":3995,"minecraft:interact_with_crafting_table":9,"minecraft:fly_one_cm":26574,"minecraft:crouch_one_cm":4617,"minecraft:play_time":23739,"minecraft:deaths":4,"minecraft:sneak_time":1328,"minecraft:walk_under_water_one_cm":3050,"minecraft:jump":331,"minecraft:leave_game":2,"minecraft:walk_on_water_one_cm":7602,"minecraft:time_since_death":20949,"minecraft:climb_one_cm":2978,"minecraft:total_world_time":23739,"minecraft:fall_one_cm":6554},"minecraft:dropped":{"minecraft:wheat_seeds":1,"minecraft:cocoa_beans":18,"minecraft:cobblestone":6,"minecraft:oak_sapling":1,"minecraft:jungle_sapling":1,"gravestone:obituary":4,"minecraft:granite":2,"minecraft:wooden_pickaxe":1},"minecraft:killed_by":{"minecraft:skeleton":3},"minecraft:crafted":{"minecraft:oak_planks":28,"minecraft:crafting_table":1,"minecraft:iron_ingot":6,"iceandfire:armor_copper_metal_leggings":1,"minecraft:stick":12,"iceandfire:armor_copper_metal_chestplate":1,"minecraft:wooden_pickaxe":1,"minecraft:stone_pickaxe":1,"minecraft:copper_ingot":25,"minecraft:furnace":1,"minecraft:stone_axe":1,"iceandfire:armor_copper_metal_boots":1,"minecraft:air":0,"iceandfire:armor_copper_metal_helmet":1,"minecraft:jungle_planks":40},"minecraft:mined":{"minecraft:furnace":1,"minecraft:iron_ore":6,"minecraft:jungle_leaves":3,"minecraft:coal_ore":6,"minecraft:crafting_table":2,"minecraft:granite":2,"minecraft:cave_vines_plant":5,"gravestone:gravestone":1,"minecraft:grass":3,"minecraft:oak_log":23,"minecraft:cave_vines":24,"minecraft:vine":5,"minecraft:jungle_log":10,"minecraft:copper_ore":22,"minecraft:cobblestone":3,"minecraft:bamboo":1,"minecraft:stone":35}},"DataVersion":3465}