{"stats":{"minecraft:killed":{"minecraft:spider":2,"minecraft:creeper":2,"minecraft:skeleton":2,"minecraft:zombie":5},"minecraft:picked_up":{"minecraft:cocoa_beans":18,"minecraft:crafting_table":6,"minecraft:glow_ink_sac":11,"minecraft:jungle_log":10,"minecraft:oak_log":19,"minecraft:gunpowder":4,"minecraft:string":3,"minecraft:dirt":23,"minecraft:raw_copper":66,"minecraft:moss_carpet":1,"minecraft:bone":1,"minecraft:apple":2,"minecraft:wheat_seeds":1,"minecraft:cobbled_deepslate":1,"minecraft:raw_gold":4,"minecraft:jungle_sapling":1,"minecraft:bamboo":12,"minecraft:furnace":2,"minecraft:stick":6,"minecraft:raw_iron":49,"minecraft:spider_eye":1,"minecraft:rotten_flesh":4,"minecraft:tropical_fish":4,"minecraft:granite":2,"minecraft:oak_sapling":4,"minecraft:glow_berries":23,"minecraft:coal":13,"iceandfire:raw_silver":1,"minecraft:cobblestone":51},"minecraft:used":{"minecraft:tropical_fish":4,"minecraft:stone_pickaxe":125,"minecraft:shield":4,"minecraft:wooden_pickaxe":23,"minecraft:rotten_flesh":4,"minecraft:glow_berries":26,"minecraft:dirt":11,"minecraft:crafting_table":6,"minecraft:apple":2,"minecraft:iron_pickaxe":7,"minecraft:stone_axe":71,"minecraft:cobblestone":14,"minecraft:furnace":2,"minecraft:bucket":2},"minecraft:custom":{"minecraft:interact_with_furnace":25,"minecraft:mob_kills":11,"minecraft:interact_with_crafting_table":18,"minecraft:leave_game":2,"minecraft:time_since_death":17559,"minecraft:climb_one_cm":3186,"minecraft:time_since_rest":17589,"minecraft:sprint_one_cm":41772,"minecraft:damage_taken":2176,"minecraft:walk_one_cm":115658,"minecraft:damage_blocked_by_shield":255,"minecraft:drop":17,"minecraft:damage_dealt":2395,"minecraft:swim_one_cm":9673,"minecraft:fly_one_cm":73507,"minecraft:player_kills":1,"minecraft:crouch_one_cm":10867,"minecraft:play_time":45519,"minecraft:deaths":6,"minecraft:sneak_time":2883,"minecraft:walk_under_water_one_cm":4278,"minecraft:jump":778,"minecraft:walk_on_water_one_cm":16082,"minecraft:total_world_time":45519,"minecraft:fall_one_cm":22584},"minecraft:dropped":{"minecraft:moss_carpet":1,"minecraft:wheat_seeds":1,"minecraft:cobbled_deepslate":1,"minecraft:cocoa_beans":18,"minecraft:cobblestone":6,"minecraft:granite":2,"minecraft:oak_sapling":4,"gravestone:obituary":5,"minecraft:jungle_sapling":1,"minecraft:spider_eye":1,"minecraft:wooden_pickaxe":1},"minecraft:killed_by":{"minecraft:skeleton":3,"minecraft:creeper":1,"minecraft:zombie":1},"minecraft:crafted":{"minecraft:oak_planks":28,"minecraft:crafting_table":1,"minecraft:wooden_pickaxe":1,"minecraft:furnace":1,"iceandfire:armor_copper_metal_leggings":1,"minecraft:copper_ingot":25,"minecraft:bucket":2,"minecraft:stone_axe":2,"iceandfire:armor_copper_metal_boots":1,"minecraft:air":0,"iceandfire:armor_copper_metal_helmet":1,"minecraft:jungle_planks":40,"minecraft:shield":1,"minecraft:stick":12,"minecraft:iron_pickaxe":1,"minecraft:iron_ingot":32,"iceandfire:armor_copper_metal_chestplate":1,"minecraft:stone_pickaxe":2},"minecraft:mined":{"iceandfire:silver_ore":1,"minecraft:sculk_vein":1,"minecraft:jungle_leaves":3,"minecraft:crafting_table":6,"minecraft:cave_vines_plant":8,"gravestone:gravestone":2,"minecraft:granite":2,"minecraft:jungle_log":10,"minecraft:copper_ore":22,"minecraft:cobblestone":5,"minecraft:deepslate_gold_ore":4,"minecraft:sculk_catalyst":1,"minecraft:furnace":2,"minecraft:iron_ore":33,"minecraft:sculk_shrieker":1,"minecraft:grass":3,"minecraft:oak_log":23,"minecraft:coal_ore":9,"minecraft:cave_vines":35,"minecraft:deepslate_iron_ore":16,"minecraft:vine":5,"minecraft:dirt":24,"minecraft:bamboo":1,"minecraft:stone":46,"minecraft:deepslate":1}},"DataVersion":3465}