{"stats":{"minecraft:killed":{"minecraft:spider":2,"minecraft:horse":1,"minecraft:skeleton":2,"minecraft:chicken":4,"minecraft:pig":4,"minecraft:creeper":2,"minecraft:zombie":5,"minecraft:cow":10},"minecraft:broken":{"minecraft:stone_pickaxe":1},"minecraft:picked_up":{"minecraft:cocoa_beans":18,"minecraft:crafting_table":11,"minecraft:wheat":117,"minecraft:chicken":4,"minecraft:shield":1,"minecraft:string":3,"minecraft:moss_carpet":1,"minecraft:raw_copper":107,"minecraft:item_frame":4,"minecraft:experience_bottle":1,"minecraft:cobbled_deepslate":1,"minecraft:beef":19,"minecraft:jungle_sapling":1,"minecraft:melon_slice":36,"minecraft:furnace":5,"minecraft:raw_iron":50,"minecraft:stick":7,"minecraft:acacia_fence":1,"minecraft:acacia_log":7,"minecraft:porkchop":8,"minecraft:stone_pressure_plate":2,"minecraft:rotten_flesh":4,"minecraft:tropical_fish":4,"minecraft:hay_block":54,"minecraft:gold_ingot":2,"minecraft:glow_berries":32,"minecraft:cobblestone":54,"minecraft:white_wool":8,"minecraft:feather":1,"minecraft:jungle_boat":1,"minecraft:glow_ink_sac":11,"minecraft:jungle_log":10,"minecraft:leather":10,"minecraft:oak_log":19,"minecraft:yellow_bed":2,"minecraft:gunpowder":4,"minecraft:dirt":24,"minecraft:cooked_mutton":2,"minecraft:bone":1,"minecraft:apple":2,"minecraft:wheat_seeds":308,"minecraft:raw_gold":4,"minecraft:iron_ingot":2,"minecraft:bamboo":12,"minecraft:sand":62,"minecraft:spider_eye":1,"minecraft:granite":2,"minecraft:oak_sapling":4,"minecraft:melon_seeds":2,"minecraft:coal":24,"iceandfire:raw_silver":1},"minecraft:used":{"minecraft:tropical_fish":4,"minecraft:shield":4,"minecraft:rotten_flesh":4,"minecraft:dirt":23,"minecraft:furnace":5,"minecraft:wheat_seeds":104,"minecraft:water_bucket":8,"minecraft:stone_pickaxe":133,"minecraft:wooden_pickaxe":23,"minecraft:jungle_boat":1,"minecraft:glow_berries":37,"minecraft:crafting_table":12,"minecraft:apple":2,"minecraft:bread":8,"minecraft:iron_pickaxe":15,"minecraft:stone_axe":126,"minecraft:cobblestone":14,"travelersbackpack:standard":11,"minecraft:cooked_porkchop":1,"minecraft:bucket":12,"minecraft:experience_bottle":1},"minecraft:custom":{"minecraft:mob_kills":30,"minecraft:animals_bred":2,"minecraft:interact_with_crafting_table":34,"minecraft:leave_game":2,"minecraft:time_since_death":41559,"minecraft:climb_one_cm":4674,"minecraft:sprint_one_cm":149462,"minecraft:walk_one_cm":277663,"minecraft:damage_blocked_by_shield":255,"minecraft:drop":41,"minecraft:talked_to_villager":2,"minecraft:play_time":69519,"minecraft:deaths":6,"minecraft:sneak_time":3056,"minecraft:walk_under_water_one_cm":6003,"minecraft:boat_one_cm":42795,"minecraft:jump":1693,"minecraft:walk_on_water_one_cm":20124,"minecraft:total_world_time":69519,"minecraft:interact_with_furnace":55,"minecraft:sleep_in_bed":1,"minecraft:time_since_rest":10281,"minecraft:damage_taken":2526,"minecraft:damage_dealt":4202,"minecraft:player_kills":1,"minecraft:swim_one_cm":16001,"minecraft:fly_one_cm":261217,"minecraft:open_chest":22,"minecraft:crouch_one_cm":11977,"minecraft:fall_one_cm":49136},"minecraft:dropped":{"minecraft:wheat_seeds":197,"minecraft:glow_ink_sac":11,"minecraft:cobblestone":6,"minecraft:granite":2,"minecraft:jungle_planks":6,"minecraft:item_frame":4,"minecraft:dirt":1,"minecraft:jungle_sapling":1,"gravestone:obituary":5,"minecraft:string":3,"minecraft:moss_carpet":1,"minecraft:cobbled_deepslate":1,"minecraft:cocoa_beans":18,"minecraft:raw_copper":82,"minecraft:oak_planks":6,"iceandfire:troll_tusk":1,"minecraft:gunpowder":4,"minecraft:melon_seeds":2,"minecraft:oak_sapling":4,"minecraft:stone_pressure_plate":2,"minecraft:spider_eye":1,"minecraft:bamboo":12,"minecraft:wooden_pickaxe":1,"minecraft:acacia_fence":1},"minecraft:killed_by":{"minecraft:creeper":1,"minecraft:skeleton":3,"minecraft:zombie":1},"minecraft:crafted":{"minecraft:oak_planks":28,"minecraft:furnace":1,"iceandfire:armor_copper_metal_leggings":1,"travelersbackpack:blank_upgrade":4,"iceandfire:armor_copper_metal_helmet":1,"iceandfire:armor_copper_metal_boots":1,"minecraft:glass":42,"travelersbackpack:white_sleeping_bag":2,"minecraft:stone_pickaxe":2,"iceandfire:armor_copper_metal_chestplate":1,"minecraft:chest":4,"minecraft:wheat":99,"travelersbackpack:iron_tier_upgrade":1,"minecraft:cooked_porkchop":8,"minecraft:crafting_table":1,"minecraft:jungle_boat":1,"travelersbackpack:backpack_tank":4,"minecraft:wooden_pickaxe":1,"travelersbackpack:standard":1,"minecraft:copper_ingot":25,"travelersbackpack:black_sleeping_bag":1,"minecraft:bucket":2,"minecraft:stone_axe":2,"minecraft:bread":70,"minecraft:air":0,"minecraft:jungle_planks":40,"minecraft:shield":1,"minecraft:stick":12,"minecraft:iron_ingot":50,"minecraft:iron_pickaxe":1,"minecraft:gold_ingot":4,"minecraft:acacia_planks":28},"minecraft:mined":{"iceandfire:silver_ore":1,"minecraft:sculk_vein":1,"minecraft:jungle_leaves":3,"minecraft:granite":2,"minecraft:cave_vines_plant":11,"gravestone:gravestone":2,"minecraft:acacia_log":7,"minecraft:jungle_log":10,"minecraft:hay_block":54,"minecraft:sculk_catalyst":1,"minecraft:furnace":5,"minecraft:iron_ore":34,"minecraft:sculk_shrieker":1,"minecraft:cave_vines":45,"minecraft:deepslate_iron_ore":16,"minecraft:vine":5,"minecraft:bamboo":1,"minecraft:stone":50,"minecraft:white_wool":8,"minecraft:melon_stem":1,"minecraft:crafting_table":11,"minecraft:melon":8,"minecraft:copper_ore":22,"minecraft:tall_grass":5,"minecraft:cobblestone":5,"minecraft:deepslate_gold_ore":4,"minecraft:wheat":118,"minecraft:yellow_bed":2,"minecraft:grass":11,"minecraft:coal_ore":17,"minecraft:oak_log":23,"minecraft:acacia_fence":1,"minecraft:sand":62,"minecraft:dirt":26,"minecraft:deepslate":1}},"DataVersion":3465}