{"stats":{"minecraft:picked_up":{"minecraft:stick":2,"minecraft:cocoa_beans":9,"minecraft:jungle_log":10,"minecraft:jungle_sapling":1,"minecraft:cobblestone":12},"minecraft:used":{"minecraft:stone_axe":8,"minecraft:crafting_table":1,"minecraft:wooden_pickaxe":12},"minecraft:custom":{"minecraft:time_since_rest":4452,"minecraft:crouch_one_cm":335,"minecraft:play_time":7213,"minecraft:sprint_one_cm":3255,"minecraft:walk_one_cm":12910,"minecraft:damage_taken":1085,"minecraft:deaths":4,"minecraft:sneak_time":70,"minecraft:drop":4,"minecraft:jump":88,"minecraft:leave_game":1,"minecraft:damage_dealt":4,"minecraft:time_since_death":4423,"minecraft:walk_on_water_one_cm":624,"minecraft:total_world_time":7213,"minecraft:climb_one_cm":2060,"minecraft:interact_with_crafting_table":2,"minecraft:fall_one_cm":2188,"minecraft:fly_one_cm":6173},"minecraft:dropped":{"gravestone:obituary":4},"minecraft:killed_by":{"minecraft:skeleton":3},"minecraft:crafted":{"minecraft:stone_axe":1,"minecraft:crafting_table":1,"minecraft:stick":4,"minecraft:wooden_pickaxe":1,"minecraft:jungle_planks":16},"minecraft:mined":{"gravestone:gravestone":1,"minecraft:grass":2,"minecraft:vine":4,"minecraft:jungle_log":10,"minecraft:jungle_leaves":3,"minecraft:stone":12}},"DataVersion":3465}