{"stats":{"minecraft:killed":{"minecraft:zombie":1},"minecraft:picked_up":{"minecraft:raw_iron":6,"minecraft:cocoa_beans":18,"minecraft:stick":2,"minecraft:crafting_table":1,"minecraft:jungle_log":10,"minecraft:raw_copper":66,"minecraft:tropical_fish":3,"minecraft:granite":2,"minecraft:jungle_sapling":1,"minecraft:glow_berries":15,"minecraft:cobblestone":27},"minecraft:used":{"minecraft:stone_pickaxe":46,"minecraft:wooden_pickaxe":23,"minecraft:stone_axe":12,"minecraft:glow_berries":5,"minecraft:cobblestone":8,"minecraft:crafting_table":1},"minecraft:custom":{"minecraft:time_since_rest":11594,"minecraft:sprint_one_cm":11123,"minecraft:damage_taken":1095,"minecraft:walk_one_cm":28661,"minecraft:mob_kills":1,"minecraft:drop":5,"minecraft:damage_dealt":235,"minecraft:swim_one_cm":988,"minecraft:interact_with_crafting_table":3,"minecraft:fly_one_cm":20568,"minecraft:crouch_one_cm":3854,"minecraft:play_time":14355,"minecraft:deaths":4,"minecraft:sneak_time":1151,"minecraft:walk_under_water_one_cm":2878,"minecraft:jump":220,"minecraft:leave_game":1,"minecraft:walk_on_water_one_cm":5012,"minecraft:time_since_death":11565,"minecraft:climb_one_cm":2060,"minecraft:total_world_time":14355,"minecraft:fall_one_cm":4665},"minecraft:dropped":{"minecraft:cocoa_beans":9,"gravestone:obituary":4},"minecraft:killed_by":{"minecraft:skeleton":3},"minecraft:crafted":{"minecraft:crafting_table":1,"minecraft:stick":12,"minecraft:wooden_pickaxe":1,"minecraft:stone_pickaxe":1,"minecraft:stone_axe":1,"minecraft:jungle_planks":40},"minecraft:mined":{"minecraft:iron_ore":6,"minecraft:jungle_leaves":3,"minecraft:crafting_table":1,"minecraft:granite":2,"minecraft:cave_vines_plant":5,"gravestone:gravestone":1,"minecraft:grass":2,"minecraft:cave_vines":24,"minecraft:vine":4,"minecraft:jungle_log":10,"minecraft:copper_ore":22,"minecraft:cobblestone":3,"minecraft:stone":25}},"DataVersion":3465}