{"stats":{"minecraft:killed":{"minecraft:pig":4,"minecraft:spider":2,"minecraft:creeper":2,"minecraft:horse":1,"minecraft:skeleton":2,"minecraft:zombie":5,"minecraft:chicken":4,"minecraft:cow":8},"minecraft:broken":{"minecraft:stone_pickaxe":1},"minecraft:picked_up":{"minecraft:cocoa_beans":18,"minecraft:crafting_table":11,"minecraft:wheat":117,"minecraft:jungle_boat":1,"minecraft:feather":1,"minecraft:chicken":4,"minecraft:glow_ink_sac":11,"minecraft:jungle_log":10,"minecraft:leather":9,"minecraft:oak_log":19,"minecraft:yellow_bed":2,"minecraft:shield":1,"minecraft:gunpowder":4,"minecraft:string":3,"minecraft:dirt":24,"minecraft:raw_copper":66,"minecraft:moss_carpet":1,"minecraft:experience_bottle":1,"minecraft:cooked_mutton":2,"minecraft:item_frame":4,"minecraft:bone":1,"minecraft:apple":2,"minecraft:wheat_seeds":308,"minecraft:cobbled_deepslate":1,"minecraft:raw_gold":4,"minecraft:beef":15,"minecraft:iron_ingot":2,"minecraft:jungle_sapling":1,"minecraft:bamboo":12,"minecraft:melon_slice":36,"minecraft:furnace":5,"minecraft:stick":6,"minecraft:raw_iron":50,"minecraft:acacia_fence":1,"minecraft:sand":35,"minecraft:porkchop":8,"minecraft:stone_pressure_plate":2,"minecraft:spider_eye":1,"minecraft:rotten_flesh":4,"minecraft:tropical_fish":4,"minecraft:hay_block":54,"minecraft:granite":2,"minecraft:gold_ingot":2,"minecraft:oak_sapling":4,"minecraft:melon_seeds":2,"minecraft:glow_berries":32,"minecraft:white_wool":8,"minecraft:coal":24,"iceandfire:raw_silver":1,"minecraft:cobblestone":54},"minecraft:custom":{"minecraft:interact_with_furnace":39,"minecraft:mob_kills":28,"minecraft:animals_bred":2,"minecraft:interact_with_crafting_table":25,"minecraft:leave_game":2,"minecraft:time_since_death":35559,"minecraft:sleep_in_bed":1,"minecraft:climb_one_cm":4674,"minecraft:time_since_rest":4281,"minecraft:sprint_one_cm":135962,"minecraft:damage_taken":2456,"minecraft:walk_one_cm":255769,"minecraft:damage_blocked_by_shield":255,"minecraft:drop":37,"minecraft:damage_dealt":4092,"minecraft:talked_to_villager":2,"minecraft:swim_one_cm":16001,"minecraft:fly_one_cm":219059,"minecraft:player_kills":1,"minecraft:open_chest":22,"minecraft:crouch_one_cm":11808,"minecraft:play_time":63519,"minecraft:deaths":6,"minecraft:sneak_time":3003,"minecraft:walk_under_water_one_cm":5207,"minecraft:boat_one_cm":42795,"minecraft:jump":1504,"minecraft:walk_on_water_one_cm":19986,"minecraft:total_world_time":63519,"minecraft:fall_one_cm":42845},"minecraft:used":{"minecraft:wheat_seeds":104,"minecraft:water_bucket":4,"minecraft:tropical_fish":4,"minecraft:stone_pickaxe":133,"minecraft:shield":4,"minecraft:wooden_pickaxe":23,"minecraft:rotten_flesh":4,"minecraft:jungle_boat":1,"minecraft:glow_berries":37,"minecraft:dirt":23,"minecraft:crafting_table":12,"minecraft:apple":2,"minecraft:bread":6,"minecraft:iron_pickaxe":15,"minecraft:stone_axe":115,"minecraft:cobblestone":14,"minecraft:furnace":5,"minecraft:cooked_porkchop":1,"minecraft:bucket":6,"minecraft:experience_bottle":1},"minecraft:dropped":{"minecraft:moss_carpet":1,"minecraft:wheat_seeds":197,"minecraft:glow_ink_sac":11,"minecraft:cobbled_deepslate":1,"minecraft:cocoa_beans":18,"minecraft:cobblestone":6,"minecraft:granite":2,"iceandfire:troll_tusk":1,"minecraft:item_frame":4,"minecraft:dirt":1,"minecraft:gunpowder":4,"minecraft:melon_seeds":2,"minecraft:oak_sapling":4,"minecraft:stone_pressure_plate":2,"minecraft:bamboo":12,"gravestone:obituary":5,"minecraft:jungle_sapling":1,"minecraft:spider_eye":1,"minecraft:wooden_pickaxe":1,"minecraft:string":3,"minecraft:acacia_fence":1},"minecraft:killed_by":{"minecraft:skeleton":3,"minecraft:creeper":1,"minecraft:zombie":1},"minecraft:crafted":{"minecraft:oak_planks":28,"minecraft:cooked_porkchop":8,"minecraft:crafting_table":1,"minecraft:jungle_boat":1,"minecraft:wooden_pickaxe":1,"minecraft:furnace":1,"iceandfire:armor_copper_metal_leggings":1,"minecraft:copper_ingot":25,"travelersbackpack:black_sleeping_bag":1,"minecraft:bucket":2,"minecraft:stone_axe":2,"minecraft:bread":70,"iceandfire:armor_copper_metal_boots":1,"minecraft:air":0,"iceandfire:armor_copper_metal_helmet":1,"minecraft:jungle_planks":40,"travelersbackpack:white_sleeping_bag":2,"minecraft:shield":1,"minecraft:stick":12,"minecraft:iron_pickaxe":1,"minecraft:iron_ingot":47,"iceandfire:armor_copper_metal_chestplate":1,"minecraft:stone_pickaxe":2,"minecraft:wheat":99},"minecraft:mined":{"iceandfire:silver_ore":1,"minecraft:melon_stem":1,"minecraft:sculk_vein":1,"minecraft:jungle_leaves":3,"minecraft:crafting_table":11,"minecraft:cave_vines_plant":11,"gravestone:gravestone":2,"minecraft:granite":2,"minecraft:melon":8,"minecraft:jungle_log":10,"minecraft:tall_grass":5,"minecraft:copper_ore":22,"minecraft:cobblestone":5,"minecraft:deepslate_gold_ore":4,"minecraft:hay_block":54,"minecraft:sculk_catalyst":1,"minecraft:furnace":5,"minecraft:iron_ore":34,"minecraft:wheat":118,"minecraft:yellow_bed":2,"minecraft:sculk_shrieker":1,"minecraft:grass":10,"minecraft:oak_log":23,"minecraft:coal_ore":17,"minecraft:cave_vines":45,"minecraft:deepslate_iron_ore":16,"minecraft:vine":5,"minecraft:acacia_fence":1,"minecraft:sand":35,"minecraft:dirt":26,"minecraft:bamboo":1,"minecraft:stone":50,"minecraft:white_wool":8,"minecraft:deepslate":1}},"DataVersion":3465}