{"stats":{"minecraft:killed":{"minecraft:spider":1,"minecraft:creeper":1,"minecraft:zombie":3},"minecraft:picked_up":{"minecraft:cocoa_beans":18,"minecraft:crafting_table":4,"minecraft:jungle_log":10,"minecraft:oak_log":19,"minecraft:gunpowder":2,"minecraft:string":2,"minecraft:dirt":23,"minecraft:raw_copper":66,"minecraft:moss_carpet":1,"minecraft:apple":2,"minecraft:wheat_seeds":1,"minecraft:jungle_sapling":1,"minecraft:bamboo":12,"minecraft:furnace":1,"minecraft:stick":6,"minecraft:raw_iron":13,"minecraft:rotten_flesh":2,"minecraft:tropical_fish":4,"minecraft:granite":2,"minecraft:oak_sapling":4,"minecraft:glow_berries":23,"minecraft:coal":13,"iceandfire:raw_silver":1,"minecraft:cobblestone":46},"minecraft:used":{"minecraft:tropical_fish":4,"minecraft:stone_pickaxe":82,"minecraft:wooden_pickaxe":23,"minecraft:glow_berries":26,"minecraft:dirt":9,"minecraft:crafting_table":4,"minecraft:apple":2,"minecraft:stone_axe":56,"minecraft:cobblestone":10,"minecraft:furnace":1,"minecraft:bucket":1},"minecraft:custom":{"minecraft:interact_with_furnace":17,"minecraft:mob_kills":5,"minecraft:interact_with_crafting_table":11,"minecraft:leave_game":2,"minecraft:time_since_death":5559,"minecraft:climb_one_cm":3186,"minecraft:time_since_rest":5589,"minecraft:sprint_one_cm":34413,"minecraft:damage_taken":2124,"minecraft:walk_one_cm":84359,"minecraft:drop":13,"minecraft:damage_dealt":1242,"minecraft:swim_one_cm":9673,"minecraft:fly_one_cm":61326,"minecraft:player_kills":1,"minecraft:crouch_one_cm":4981,"minecraft:play_time":33519,"minecraft:deaths":6,"minecraft:sneak_time":1419,"minecraft:walk_under_water_one_cm":4195,"minecraft:jump":627,"minecraft:walk_on_water_one_cm":12535,"minecraft:total_world_time":33519,"minecraft:fall_one_cm":17870},"minecraft:dropped":{"minecraft:wheat_seeds":1,"minecraft:cocoa_beans":18,"minecraft:cobblestone":6,"minecraft:granite":2,"minecraft:oak_sapling":4,"gravestone:obituary":4,"minecraft:jungle_sapling":1,"minecraft:wooden_pickaxe":1},"minecraft:killed_by":{"minecraft:skeleton":3,"minecraft:creeper":1,"minecraft:zombie":1},"minecraft:crafted":{"minecraft:oak_planks":28,"minecraft:crafting_table":1,"minecraft:wooden_pickaxe":1,"minecraft:furnace":1,"iceandfire:armor_copper_metal_leggings":1,"minecraft:copper_ingot":25,"minecraft:bucket":1,"minecraft:stone_axe":1,"iceandfire:armor_copper_metal_boots":1,"minecraft:air":0,"iceandfire:armor_copper_metal_helmet":1,"minecraft:jungle_planks":40,"minecraft:shield":1,"minecraft:stick":12,"minecraft:iron_ingot":6,"iceandfire:armor_copper_metal_chestplate":1,"minecraft:stone_pickaxe":1},"minecraft:mined":{"iceandfire:silver_ore":1,"minecraft:jungle_leaves":3,"minecraft:crafting_table":4,"minecraft:cave_vines_plant":8,"gravestone:gravestone":2,"minecraft:granite":2,"minecraft:jungle_log":10,"minecraft:copper_ore":22,"minecraft:cobblestone":5,"minecraft:furnace":1,"minecraft:iron_ore":13,"minecraft:grass":3,"minecraft:oak_log":23,"minecraft:coal_ore":9,"minecraft:cave_vines":35,"minecraft:vine":5,"minecraft:dirt":24,"minecraft:bamboo":1,"minecraft:stone":41}},"DataVersion":3465}