{"stats":{"minecraft:mined":{"minecraft:spruce_log":11},"minecraft:killed":{"minecraft:zombie":1,"minecraft:warden":23},"minecraft:picked_up":{"minecraft:dark_oak_sapling":1,"minecraft:stick":5,"minecraft:prismarine_shard":3,"gravestone:obituary":2,"minecraft:spruce_sapling":1,"minecraft:spruce_log":11,"minecraft:dark_oak_log":8,"minecraft:dirt":32,"biomesoplenty:flowering_oak_sapling":1,"minecraft:wheat_seeds":1,"minecraft:coal":2,"minecraft:cobblestone":16},"minecraft:custom":{"minecraft:time_since_rest":29520,"minecraft:sprint_one_cm":6894,"minecraft:damage_taken":296,"minecraft:walk_one_cm":38181,"minecraft:mob_kills":27,"minecraft:interact_with_anvil":4,"minecraft:drop":41,"minecraft:damage_dealt":481,"minecraft:interact_with_crafting_table":1,"minecraft:talked_to_villager":1,"minecraft:player_kills":6,"minecraft:fly_one_cm":158928,"minecraft:crouch_one_cm":124,"minecraft:play_time":32416,"minecraft:deaths":1,"minecraft:sneak_time":240,"minecraft:damage_dealt_resisted":216,"minecraft:jump":152,"minecraft:leave_game":1,"minecraft:time_since_death":29489,"minecraft:total_world_time":32416,"minecraft:fall_one_cm":1386},"minecraft:crafted":{"minecraft:crafting_table":1,"minecraft:spruce_planks":12,"minecraft:stick":4,"minecraft:wooden_axe":1},"minecraft:dropped":{"minecraft:soul_sand":576,"minecraft:dragon_head":64,"minecraft:tnt":960,"minecraft:wooden_axe":1,"minecraft:crossbow":1,"minecraft:guardian_spawn_egg":64,"minecraft:warden_spawn_egg":64,"minecraft:redstone_torch":128,"gravestone:obituary":1,"minecraft:wither_skeleton_skull":259,"minecraft:arrow":64,"minecraft:bow":1},"minecraft:used":{"minecraft:redstone_torch":2,"minecraft:wooden_axe":17,"ecologics:sandcastle":3,"minecraft:oak_sign":2,"ecologics:coconut_crab_spawn_egg":1,"minecraft:sand":5,"minecraft:anvil":2,"minecraft:bow":32,"minecraft:tnt":21,"minecraft:crafting_table":1,"minecraft:crossbow":11,"minecraft:splash_potion":1567,"gravestone:gravestone":3},"minecraft:killed_by":{"minecraft:player":1}},"DataVersion":3465}