{"stats":{"minecraft:mined":{"minecraft:spruce_log":11},"minecraft:picked_up":{"minecraft:stick":5,"minecraft:spruce_sapling":1,"gravestone:obituary":2,"minecraft:spruce_log":11,"minecraft:dirt":1},"minecraft:custom":{"minecraft:time_since_rest":2097,"minecraft:play_time":4993,"minecraft:sprint_one_cm":2513,"minecraft:deaths":1,"minecraft:damage_taken":296,"minecraft:walk_one_cm":15559,"minecraft:drop":4,"minecraft:jump":57,"minecraft:damage_dealt":481,"minecraft:time_since_death":2066,"minecraft:total_world_time":4993,"minecraft:interact_with_crafting_table":1,"minecraft:fall_one_cm":1386,"minecraft:fly_one_cm":5536,"minecraft:player_kills":2},"minecraft:crafted":{"minecraft:crafting_table":1,"minecraft:spruce_planks":12,"minecraft:stick":4,"minecraft:wooden_axe":1},"minecraft:dropped":{"gravestone:obituary":1,"minecraft:arrow":64,"minecraft:bow":1,"minecraft:wooden_axe":1},"minecraft:used":{"minecraft:wooden_axe":17,"minecraft:bow":3,"minecraft:crafting_table":1},"minecraft:killed_by":{"minecraft:player":1}},"DataVersion":3465}