{"stats":{"minecraft:killed":{"minecraft:pig":3,"minecraft:zombie_villager":1,"minecraft:creeper":1,"minecraft:sheep":6,"minecraft:zombie":1,"minecraft:chicken":4,"minecraft:cow":2},"minecraft:broken":{"minecraft:wooden_axe":2},"minecraft:picked_up":{"minecraft:feather":4,"minecraft:chicken":4,"minecraft:jungle_log":2,"biomesoplenty:mahogany_boat":1,"gravestone:obituary":1,"minecraft:beef":4,"minecraft:light_gray_wool":1,"minecraft:melon_slice":30,"minecraft:sugar_cane":9,"biomesoplenty:mahogany_planks":4,"minecraft:stick":9,"minecraft:raw_iron":2,"minecraft:torch":2,"minecraft:porkchop":7,"biomesoplenty:mahogany_log":85,"minecraft:rotten_flesh":3,"biomesoplenty:mahogany_door":1,"biomesoplenty:mahogany_sapling":12,"minecraft:white_wool":5,"minecraft:mutton":8,"minecraft:coal":38,"iceandfire:raw_silver":3,"minecraft:cobblestone":44},"minecraft:custom":{"minecraft:interact_with_furnace":12,"minecraft:mob_kills":18,"minecraft:interact_with_crafting_table":18,"minecraft:leave_game":7,"minecraft:time_since_death":12392,"minecraft:climb_one_cm":2013,"minecraft:time_since_rest":12448,"minecraft:sprint_one_cm":43768,"minecraft:damage_taken":737,"minecraft:walk_one_cm":117972,"minecraft:drop":42,"minecraft:damage_dealt":2475,"minecraft:swim_one_cm":38132,"minecraft:fly_one_cm":390177,"minecraft:player_kills":3,"minecraft:open_chest":1,"minecraft:crouch_one_cm":3083,"minecraft:play_time":59530,"minecraft:deaths":1,"minecraft:sneak_time":978,"minecraft:walk_under_water_one_cm":3894,"minecraft:boat_one_cm":88615,"minecraft:jump":778,"minecraft:walk_on_water_one_cm":15962,"minecraft:total_world_time":59530,"minecraft:fall_one_cm":16396},"minecraft:used":{"biomesoplenty:mahogany_planks":29,"minecraft:stone_pickaxe":81,"minecraft:chest":1,"minecraft:wooden_pickaxe":6,"minecraft:torch":28,"minecraft:crafting_table":5,"biomesoplenty:mahogany_door":3,"minecraft:white_bed":1,"minecraft:wooden_axe":157,"minecraft:melon_slice":24,"biomesoplenty:mahogany_boat":3,"minecraft:stone_axe":20,"minecraft:furnace":1,"minecraft:cooked_porkchop":1},"minecraft:dropped":{"minecraft:torch":37,"gravestone:obituary":5},"minecraft:killed_by":{"iceandfire:ghost":1},"minecraft:crafted":{"minecraft:cooked_porkchop":7,"minecraft:crafting_table":5,"biomesoplenty:mahogany_planks":312,"minecraft:wooden_pickaxe":1,"minecraft:cooked_chicken":4,"minecraft:furnace":1,"minecraft:stone_axe":1,"minecraft:air":0,"minecraft:jungle_planks":8,"minecraft:charcoal":7,"minecraft:shield":1,"biomesoplenty:mahogany_door":3,"minecraft:stick":12,"minecraft:iron_ingot":2,"minecraft:stone_pickaxe":1,"minecraft:wooden_axe":4,"minecraft:chest":1,"biomesoplenty:mahogany_boat":2,"minecraft:white_bed":1,"minecraft:torch":28},"minecraft:mined":{"iceandfire:silver_ore":3,"minecraft:jungle_leaves":1,"biomesoplenty:mahogany_door":1,"minecraft:glow_lichen":1,"minecraft:torch":1,"gravestone:gravestone":3,"biomesoplenty:bush":3,"minecraft:melon":5,"biomesoplenty:mahogany_planks":4,"minecraft:jungle_log":2,"minecraft:sugar_cane":5,"minecraft:wall_torch":1,"minecraft:large_fern":1,"biomesoplenty:mahogany_log":114,"minecraft:iron_ore":2,"minecraft:grass":4,"minecraft:coal_ore":38,"minecraft:stone":44,"minecraft:fern":4}},"DataVersion":3465}