{"stats":{"minecraft:picked_up":{"minecraft:mutton":1,"minecraft:white_wool":1},"minecraft:killed":{"minecraft:sheep":1},"minecraft:custom":{"minecraft:jump":68,"minecraft:time_since_rest":8675,"minecraft:damage_dealt":80,"minecraft:leave_game":1,"minecraft:sprint_one_cm":4452,"minecraft:play_time":8675,"minecraft:time_since_death":8675,"minecraft:walk_one_cm":4627,"minecraft:climb_one_cm":24,"minecraft:total_world_time":8675,"minecraft:mob_kills":1,"minecraft:fall_one_cm":1012,"minecraft:fly_one_cm":303407}},"DataVersion":3465}