{"stats":{"minecraft:mined":{"minecraft:spruce_log":11},"minecraft:picked_up":{"minecraft:dark_oak_sapling":1,"minecraft:stick":5,"gravestone:obituary":2,"minecraft:spruce_sapling":1,"minecraft:spruce_log":11,"minecraft:dark_oak_log":8,"minecraft:dirt":17,"biomesoplenty:flowering_oak_sapling":1,"minecraft:wheat_seeds":1,"minecraft:cobblestone":4},"minecraft:custom":{"minecraft:time_since_rest":14097,"minecraft:sprint_one_cm":6777,"minecraft:damage_taken":296,"minecraft:walk_one_cm":27814,"minecraft:interact_with_anvil":4,"minecraft:drop":31,"minecraft:damage_dealt":481,"minecraft:interact_with_crafting_table":1,"minecraft:talked_to_villager":1,"minecraft:player_kills":6,"minecraft:fly_one_cm":122800,"minecraft:crouch_one_cm":124,"minecraft:play_time":16993,"minecraft:deaths":1,"minecraft:sneak_time":100,"minecraft:jump":123,"minecraft:time_since_death":14066,"minecraft:total_world_time":16993,"minecraft:fall_one_cm":1386},"minecraft:crafted":{"minecraft:crafting_table":1,"minecraft:spruce_planks":12,"minecraft:stick":4,"minecraft:wooden_axe":1},"minecraft:dropped":{"minecraft:soul_sand":384,"minecraft:dragon_head":64,"minecraft:tnt":960,"minecraft:wooden_axe":1,"minecraft:redstone_torch":128,"gravestone:obituary":1,"minecraft:wither_skeleton_skull":3,"minecraft:arrow":64,"minecraft:bow":1},"minecraft:used":{"minecraft:redstone_torch":1,"minecraft:wooden_axe":17,"ecologics:sandcastle":3,"ecologics:coconut_crab_spawn_egg":1,"minecraft:sand":5,"minecraft:anvil":2,"minecraft:bow":32,"minecraft:tnt":20,"minecraft:crafting_table":1,"minecraft:crossbow":11,"minecraft:splash_potion":6},"minecraft:killed_by":{"minecraft:player":1}},"DataVersion":3465}