{"stats":{"minecraft:killed":{"minecraft:sheep":4,"minecraft:zombie":1,"minecraft:pig":3,"minecraft:zombie_villager":1,"minecraft:chicken":4,"minecraft:creeper":1,"minecraft:cow":1},"minecraft:broken":{"minecraft:wooden_axe":1},"minecraft:picked_up":{"minecraft:raw_iron":2,"minecraft:stick":9,"minecraft:feather":4,"minecraft:chicken":4,"minecraft:torch":2,"minecraft:porkchop":7,"gravestone:obituary":1,"biomesoplenty:mahogany_log":66,"minecraft:rotten_flesh":2,"biomesoplenty:mahogany_door":1,"biomesoplenty:mahogany_sapling":10,"minecraft:beef":3,"iceandfire:raw_silver":3,"minecraft:coal":38,"minecraft:light_gray_wool":1,"minecraft:melon_slice":20,"minecraft:sugar_cane":9,"biomesoplenty:mahogany_planks":4,"minecraft:mutton":5,"minecraft:white_wool":3,"minecraft:cobblestone":44},"minecraft:used":{"biomesoplenty:mahogany_planks":24,"minecraft:wooden_axe":87,"minecraft:stone_pickaxe":81,"minecraft:melon_slice":13,"minecraft:wooden_pickaxe":6,"minecraft:stone_axe":20,"biomesoplenty:mahogany_boat":1,"minecraft:torch":28,"minecraft:crafting_table":2,"minecraft:furnace":1,"biomesoplenty:mahogany_door":3},"minecraft:custom":{"minecraft:time_since_rest":448,"minecraft:interact_with_furnace":8,"minecraft:sprint_one_cm":23563,"minecraft:damage_taken":450,"minecraft:walk_one_cm":88708,"minecraft:mob_kills":15,"minecraft:drop":39,"minecraft:damage_dealt":1583,"minecraft:swim_one_cm":35308,"minecraft:interact_with_crafting_table":12,"minecraft:fly_one_cm":357935,"minecraft:crouch_one_cm":3083,"minecraft:play_time":47530,"minecraft:deaths":1,"minecraft:sneak_time":943,"minecraft:walk_under_water_one_cm":3119,"minecraft:boat_one_cm":65205,"minecraft:jump":457,"minecraft:leave_game":7,"minecraft:walk_on_water_one_cm":13049,"minecraft:time_since_death":392,"minecraft:climb_one_cm":1815,"minecraft:total_world_time":47530,"minecraft:fall_one_cm":7793},"minecraft:dropped":{"minecraft:torch":37,"gravestone:obituary":2},"minecraft:killed_by":{"iceandfire:ghost":1},"minecraft:crafted":{"minecraft:charcoal":7,"minecraft:crafting_table":2,"biomesoplenty:mahogany_door":3,"minecraft:stick":8,"biomesoplenty:mahogany_planks":236,"minecraft:wooden_pickaxe":1,"minecraft:cooked_chicken":4,"minecraft:stone_pickaxe":1,"minecraft:wooden_axe":2,"biomesoplenty:mahogany_boat":1,"minecraft:furnace":1,"minecraft:torch":28,"minecraft:stone_axe":1,"minecraft:air":0},"minecraft:mined":{"iceandfire:silver_ore":3,"minecraft:iron_ore":2,"biomesoplenty:mahogany_log":66,"minecraft:torch":1,"biomesoplenty:mahogany_door":1,"minecraft:glow_lichen":1,"minecraft:grass":3,"biomesoplenty:bush":3,"minecraft:coal_ore":38,"minecraft:melon":3,"biomesoplenty:mahogany_planks":4,"minecraft:stone":44,"minecraft:sugar_cane":5,"minecraft:wall_torch":1,"minecraft:fern":1}},"DataVersion":3465}