{"stats":{"minecraft:killed":{"minecraft:sheep":4,"minecraft:pig":3,"minecraft:chicken":4,"minecraft:cow":1},"minecraft:broken":{"minecraft:wooden_axe":1},"minecraft:picked_up":{"minecraft:stick":9,"minecraft:feather":4,"minecraft:chicken":4,"minecraft:porkchop":7,"gravestone:obituary":1,"biomesoplenty:mahogany_log":66,"biomesoplenty:mahogany_sapling":10,"minecraft:beef":3,"minecraft:light_gray_wool":1,"minecraft:melon_slice":20,"minecraft:sugar_cane":9,"minecraft:mutton":5,"minecraft:white_wool":3,"minecraft:cobblestone":6},"minecraft:used":{"minecraft:wooden_axe":87,"minecraft:melon_slice":13,"minecraft:wooden_pickaxe":6,"biomesoplenty:mahogany_boat":1,"minecraft:torch":1,"minecraft:crafting_table":2},"minecraft:custom":{"minecraft:time_since_rest":35530,"minecraft:sprint_one_cm":21666,"minecraft:damage_taken":225,"minecraft:walk_one_cm":40132,"minecraft:mob_kills":12,"minecraft:drop":38,"minecraft:damage_dealt":880,"minecraft:swim_one_cm":30022,"minecraft:interact_with_crafting_table":5,"minecraft:fly_one_cm":356476,"minecraft:crouch_one_cm":163,"minecraft:play_time":35530,"minecraft:sneak_time":118,"minecraft:walk_under_water_one_cm":2679,"minecraft:boat_one_cm":65205,"minecraft:jump":374,"minecraft:leave_game":7,"minecraft:walk_on_water_one_cm":11679,"minecraft:time_since_death":35530,"minecraft:climb_one_cm":1815,"minecraft:total_world_time":35530,"minecraft:fall_one_cm":7106},"minecraft:dropped":{"minecraft:torch":37,"gravestone:obituary":1},"minecraft:crafted":{"minecraft:crafting_table":2,"minecraft:stick":8,"biomesoplenty:mahogany_planks":236,"minecraft:wooden_pickaxe":1,"minecraft:stone_pickaxe":1,"minecraft:wooden_axe":2,"biomesoplenty:mahogany_boat":1},"minecraft:mined":{"biomesoplenty:mahogany_log":66,"minecraft:grass":3,"biomesoplenty:bush":3,"minecraft:melon":3,"minecraft:stone":6,"minecraft:sugar_cane":5,"minecraft:fern":1}},"DataVersion":3465}