{"stats":{"minecraft:killed":{"minecraft:pig":3,"minecraft:zombie_villager":1,"minecraft:creeper":1,"minecraft:sheep":12,"minecraft:pillager":2,"minecraft:zombie":8,"minecraft:chicken":4,"minecraft:enderman":1,"minecraft:cow":2},"minecraft:broken":{"minecraft:shield":1,"minecraft:wooden_axe":2},"minecraft:picked_up":{"minecraft:crafting_table":2,"minecraft:feather":4,"minecraft:chicken":4,"minecraft:jungle_log":2,"minecraft:wither_rose":1,"minecraft:gold_block":1,"minecraft:flint":1,"minecraft:oak_log":9,"biomesoplenty:mahogany_boat":1,"gravestone:obituary":1,"minecraft:dirt":34,"minecraft:string":1,"iceandfire:graveyard_soil":1,"minecraft:cracked_stone_bricks":2,"minecraft:gold_nugget":76,"minecraft:beef":4,"minecraft:light_gray_wool":1,"minecraft:melon_slice":30,"minecraft:sugar_cane":9,"biomesoplenty:mahogany_planks":8,"minecraft:egg":3,"minecraft:stick":14,"minecraft:raw_iron":10,"iceandfire:ghost_chest":1,"minecraft:torch":6,"minecraft:gravel":2,"minecraft:porkchop":7,"biomesoplenty:mahogany_log":141,"minecraft:rotten_flesh":12,"biomesoplenty:mahogany_door":1,"biomesoplenty:mahogany_sapling":18,"minecraft:crossbow":1,"minecraft:white_wool":11,"minecraft:dark_oak_fence":14,"minecraft:mutton":18,"minecraft:coal":38,"iceandfire:raw_silver":5,"minecraft:cobblestone":90,"minecraft:ender_pearl":1},"minecraft:custom":{"minecraft:interact_with_furnace":24,"minecraft:mob_kills":34,"minecraft:interact_with_crafting_table":31,"minecraft:leave_game":14,"minecraft:time_since_death":17677,"minecraft:sleep_in_bed":3,"minecraft:climb_one_cm":3113,"minecraft:time_since_rest":16972,"minecraft:sprint_one_cm":224153,"minecraft:damage_taken":3304,"minecraft:walk_one_cm":370321,"minecraft:damage_blocked_by_shield":1470,"minecraft:trigger_trapped_chest":3,"minecraft:drop":47,"minecraft:damage_dealt":4971,"minecraft:player_kills":3,"minecraft:swim_one_cm":109496,"minecraft:fly_one_cm":715853,"minecraft:open_chest":28,"minecraft:play_time":138749,"minecraft:crouch_one_cm":18423,"minecraft:sneak_time":4468,"minecraft:deaths":5,"minecraft:walk_under_water_one_cm":8640,"minecraft:boat_one_cm":88615,"minecraft:jump":2947,"minecraft:walk_on_water_one_cm":21130,"minecraft:total_world_time":138749,"minecraft:fall_one_cm":93412},"minecraft:used":{"biomesoplenty:mahogany_planks":129,"minecraft:chest":1,"minecraft:stone_pickaxe":130,"minecraft:oak_planks":122,"minecraft:ender_pearl":1,"minecraft:wooden_pickaxe":6,"minecraft:shield":71,"minecraft:torch":70,"minecraft:dirt":21,"minecraft:crafting_table":10,"biomesoplenty:mahogany_door":3,"minecraft:white_bed":3,"minecraft:wooden_axe":157,"minecraft:lava_bucket":18,"minecraft:iron_axe":158,"minecraft:bread":27,"minecraft:melon_slice":24,"minecraft:iron_pickaxe":20,"iceandfire:graveyard_soil":1,"minecraft:stone_axe":45,"biomesoplenty:mahogany_boat":3,"minecraft:cobblestone":4,"minecraft:bow":1,"travelersbackpack:standard":2,"minecraft:furnace":3,"minecraft:cooked_porkchop":4,"minecraft:bucket":19,"minecraft:cooked_beef":2},"minecraft:dropped":{"minecraft:torch":39,"gravestone:obituary":7,"minecraft:iron_axe":1},"minecraft:killed_by":{"iceandfire:lightning_dragon":1,"iceandfire:ghost":4},"minecraft:crafted":{"minecraft:cooked_beef":13,"minecraft:oak_planks":96,"minecraft:cooked_porkchop":7,"iceandfire:silver_ingot":5,"minecraft:crafting_table":8,"biomesoplenty:mahogany_planks":536,"minecraft:wooden_pickaxe":1,"minecraft:cooked_chicken":4,"minecraft:furnace":3,"minecraft:bucket":6,"minecraft:stone_axe":1,"minecraft:cooked_mutton":7,"minecraft:air":0,"minecraft:jungle_planks":8,"minecraft:charcoal":7,"minecraft:golden_apple":2,"minecraft:shield":1,"biomesoplenty:mahogany_door":3,"minecraft:stick":12,"minecraft:iron_ingot":9,"minecraft:stone_pickaxe":1,"minecraft:wooden_axe":4,"minecraft:chest":1,"biomesoplenty:mahogany_boat":2,"minecraft:gold_ingot":20,"minecraft:white_bed":2,"minecraft:torch":52},"minecraft:mined":{"iceandfire:graveyard_soil":1,"iceandfire:silver_ore":5,"minecraft:jungle_leaves":3,"biomesoplenty:mahogany_door":1,"minecraft:glow_lichen":1,"minecraft:crafting_table":2,"minecraft:torch":1,"gravestone:gravestone":6,"minecraft:dark_oak_fence":14,"biomesoplenty:bush":5,"minecraft:grass_block":24,"minecraft:melon":5,"biomesoplenty:mahogany_planks":18,"iceandfire:ghost_chest":1,"minecraft:jungle_log":2,"minecraft:cobblestone":1,"minecraft:sugar_cane":5,"minecraft:wall_torch":2,"minecraft:large_fern":1,"minecraft:iron_ore":10,"minecraft:fire":2,"biomesoplenty:mahogany_log":190,"minecraft:wither_rose":1,"minecraft:gold_block":1,"minecraft:grass":8,"minecraft:oak_log":9,"minecraft:coal_ore":38,"iceandfire:gold_pile":8,"minecraft:vine":3,"minecraft:gravel":3,"minecraft:dirt":16,"minecraft:cracked_stone_bricks":2,"minecraft:stone":90,"minecraft:oak_leaves":6,"minecraft:fern":4}},"DataVersion":3465}