{"stats":{"minecraft:killed":{"minecraft:sheep":1},"minecraft:broken":{"minecraft:wooden_axe":1},"minecraft:picked_up":{"minecraft:stick":7,"biomesoplenty:mahogany_log":61,"biomesoplenty:mahogany_sapling":8,"gravestone:obituary":1,"minecraft:mutton":1,"minecraft:white_wool":1},"minecraft:used":{"minecraft:wooden_axe":65,"minecraft:torch":1,"minecraft:crafting_table":1},"minecraft:custom":{"minecraft:time_since_rest":27159,"minecraft:crouch_one_cm":2,"minecraft:sprint_one_cm":6241,"minecraft:play_time":27159,"minecraft:damage_taken":205,"minecraft:walk_one_cm":18062,"minecraft:sneak_time":64,"minecraft:walk_under_water_one_cm":2510,"minecraft:mob_kills":1,"minecraft:drop":38,"minecraft:jump":167,"minecraft:damage_dealt":80,"minecraft:leave_game":7,"minecraft:walk_on_water_one_cm":10891,"minecraft:time_since_death":27159,"minecraft:climb_one_cm":1782,"minecraft:total_world_time":27159,"minecraft:interact_with_crafting_table":2,"minecraft:swim_one_cm":21709,"minecraft:fall_one_cm":1863,"minecraft:fly_one_cm":334649},"minecraft:dropped":{"gravestone:obituary":1,"minecraft:torch":37},"minecraft:crafted":{"minecraft:crafting_table":1,"minecraft:stick":8,"biomesoplenty:mahogany_planks":236,"minecraft:wooden_axe":2},"minecraft:mined":{"biomesoplenty:mahogany_log":66,"minecraft:fern":1}},"DataVersion":3465}