{"stats":{"minecraft:killed":{"minecraft:pig":3,"minecraft:zombie_villager":1,"minecraft:creeper":1,"minecraft:sheep":6,"minecraft:zombie":2,"minecraft:chicken":4,"minecraft:enderman":1,"minecraft:cow":2},"minecraft:broken":{"minecraft:shield":1,"minecraft:wooden_axe":2},"minecraft:picked_up":{"minecraft:feather":4,"minecraft:chicken":4,"minecraft:jungle_log":2,"minecraft:wither_rose":1,"minecraft:flint":1,"biomesoplenty:mahogany_boat":1,"gravestone:obituary":1,"minecraft:dirt":6,"iceandfire:graveyard_soil":1,"minecraft:cracked_stone_bricks":2,"minecraft:beef":4,"minecraft:light_gray_wool":1,"minecraft:melon_slice":30,"minecraft:sugar_cane":9,"biomesoplenty:mahogany_planks":8,"minecraft:stick":9,"minecraft:raw_iron":10,"iceandfire:ghost_chest":1,"minecraft:torch":5,"minecraft:gravel":2,"minecraft:porkchop":7,"biomesoplenty:mahogany_log":85,"minecraft:rotten_flesh":5,"biomesoplenty:mahogany_door":1,"biomesoplenty:mahogany_sapling":12,"minecraft:white_wool":5,"minecraft:mutton":8,"minecraft:coal":38,"iceandfire:raw_silver":5,"minecraft:cobblestone":79,"minecraft:ender_pearl":1},"minecraft:custom":{"minecraft:interact_with_furnace":21,"minecraft:mob_kills":20,"minecraft:interact_with_crafting_table":21,"minecraft:leave_game":9,"minecraft:time_since_death":167,"minecraft:sleep_in_bed":1,"minecraft:climb_one_cm":2401,"minecraft:time_since_rest":210,"minecraft:sprint_one_cm":54074,"minecraft:damage_taken":1752,"minecraft:walk_one_cm":212640,"minecraft:damage_blocked_by_shield":1305,"minecraft:trigger_trapped_chest":3,"minecraft:drop":45,"minecraft:damage_dealt":3520,"minecraft:swim_one_cm":39176,"minecraft:fly_one_cm":398473,"minecraft:player_kills":3,"minecraft:open_chest":8,"minecraft:crouch_one_cm":3176,"minecraft:play_time":76501,"minecraft:deaths":4,"minecraft:sneak_time":1000,"minecraft:walk_under_water_one_cm":4746,"minecraft:boat_one_cm":88615,"minecraft:jump":1007,"minecraft:walk_on_water_one_cm":16380,"minecraft:total_world_time":76501,"minecraft:fall_one_cm":19109},"minecraft:used":{"biomesoplenty:mahogany_planks":39,"minecraft:stone_pickaxe":130,"minecraft:wooden_pickaxe":6,"minecraft:chest":1,"minecraft:shield":68,"minecraft:torch":55,"minecraft:dirt":4,"minecraft:crafting_table":5,"biomesoplenty:mahogany_door":3,"minecraft:white_bed":1,"minecraft:wooden_axe":157,"minecraft:melon_slice":24,"iceandfire:graveyard_soil":1,"biomesoplenty:mahogany_boat":3,"minecraft:stone_axe":45,"minecraft:furnace":2,"minecraft:cooked_porkchop":4},"minecraft:dropped":{"minecraft:torch":39,"gravestone:obituary":6},"minecraft:killed_by":{"iceandfire:ghost":4},"minecraft:crafted":{"minecraft:cooked_porkchop":7,"iceandfire:silver_ingot":5,"minecraft:crafting_table":5,"biomesoplenty:mahogany_planks":312,"minecraft:wooden_pickaxe":1,"minecraft:cooked_chicken":4,"minecraft:furnace":2,"minecraft:stone_axe":1,"minecraft:cooked_mutton":7,"minecraft:air":0,"minecraft:jungle_planks":8,"minecraft:charcoal":7,"minecraft:shield":1,"biomesoplenty:mahogany_door":3,"minecraft:stick":12,"minecraft:iron_ingot":9,"minecraft:stone_pickaxe":1,"minecraft:wooden_axe":4,"biomesoplenty:mahogany_boat":2,"minecraft:chest":1,"minecraft:white_bed":1,"minecraft:torch":52},"minecraft:mined":{"iceandfire:graveyard_soil":1,"iceandfire:silver_ore":5,"minecraft:jungle_leaves":1,"biomesoplenty:mahogany_door":1,"minecraft:torch":1,"minecraft:glow_lichen":1,"gravestone:gravestone":5,"biomesoplenty:bush":3,"minecraft:grass_block":3,"minecraft:melon":5,"biomesoplenty:mahogany_planks":8,"iceandfire:ghost_chest":1,"minecraft:jungle_log":2,"minecraft:sugar_cane":5,"minecraft:wall_torch":1,"minecraft:large_fern":1,"biomesoplenty:mahogany_log":114,"minecraft:iron_ore":10,"minecraft:wither_rose":1,"minecraft:grass":5,"minecraft:coal_ore":38,"minecraft:vine":3,"minecraft:gravel":3,"minecraft:dirt":6,"minecraft:cracked_stone_bricks":2,"minecraft:stone":80,"minecraft:fern":4}},"DataVersion":3465}