{"stats":{"minecraft:killed":{"minecraft:pig":3,"minecraft:zombie_villager":1,"minecraft:creeper":1,"minecraft:sheep":12,"minecraft:zombie":2,"minecraft:chicken":4,"minecraft:enderman":1,"minecraft:cow":2},"minecraft:broken":{"minecraft:shield":1,"minecraft:wooden_axe":2},"minecraft:picked_up":{"minecraft:crafting_table":2,"minecraft:feather":4,"minecraft:chicken":4,"minecraft:jungle_log":2,"minecraft:wither_rose":1,"minecraft:gold_block":1,"minecraft:flint":1,"minecraft:oak_log":9,"biomesoplenty:mahogany_boat":1,"gravestone:obituary":1,"minecraft:dirt":19,"minecraft:string":1,"iceandfire:graveyard_soil":1,"minecraft:cracked_stone_bricks":2,"minecraft:gold_nugget":76,"minecraft:beef":4,"minecraft:light_gray_wool":1,"minecraft:melon_slice":30,"minecraft:sugar_cane":9,"biomesoplenty:mahogany_planks":8,"minecraft:egg":2,"minecraft:stick":9,"minecraft:raw_iron":10,"iceandfire:ghost_chest":1,"minecraft:torch":5,"minecraft:gravel":2,"minecraft:porkchop":7,"biomesoplenty:mahogany_log":85,"minecraft:rotten_flesh":5,"biomesoplenty:mahogany_door":1,"biomesoplenty:mahogany_sapling":12,"minecraft:white_wool":11,"minecraft:mutton":18,"minecraft:coal":38,"iceandfire:raw_silver":5,"minecraft:cobblestone":80,"minecraft:ender_pearl":1},"minecraft:custom":{"minecraft:interact_with_furnace":23,"minecraft:mob_kills":26,"minecraft:interact_with_crafting_table":30,"minecraft:leave_game":10,"minecraft:time_since_death":23279,"minecraft:sleep_in_bed":2,"minecraft:climb_one_cm":2401,"minecraft:time_since_rest":18236,"minecraft:sprint_one_cm":140450,"minecraft:damage_taken":2276,"minecraft:walk_one_cm":274779,"minecraft:damage_blocked_by_shield":1305,"minecraft:trigger_trapped_chest":3,"minecraft:drop":46,"minecraft:damage_dealt":4000,"minecraft:player_kills":3,"minecraft:swim_one_cm":85545,"minecraft:fly_one_cm":555795,"minecraft:open_chest":28,"minecraft:play_time":99613,"minecraft:crouch_one_cm":3901,"minecraft:sneak_time":1329,"minecraft:deaths":4,"minecraft:walk_under_water_one_cm":7868,"minecraft:boat_one_cm":88615,"minecraft:jump":1946,"minecraft:walk_on_water_one_cm":20567,"minecraft:total_world_time":99613,"minecraft:fall_one_cm":56932},"minecraft:used":{"biomesoplenty:mahogany_planks":39,"minecraft:chest":1,"minecraft:stone_pickaxe":130,"minecraft:oak_planks":81,"minecraft:ender_pearl":1,"minecraft:wooden_pickaxe":6,"minecraft:shield":68,"minecraft:torch":55,"minecraft:dirt":13,"minecraft:crafting_table":10,"biomesoplenty:mahogany_door":3,"minecraft:white_bed":2,"minecraft:wooden_axe":157,"minecraft:lava_bucket":11,"minecraft:iron_axe":30,"minecraft:bread":10,"minecraft:melon_slice":24,"minecraft:iron_pickaxe":6,"iceandfire:graveyard_soil":1,"minecraft:stone_axe":45,"biomesoplenty:mahogany_boat":3,"minecraft:cobblestone":1,"minecraft:bow":1,"travelersbackpack:standard":2,"minecraft:furnace":3,"minecraft:cooked_porkchop":4,"minecraft:bucket":11,"minecraft:cooked_beef":1},"minecraft:dropped":{"minecraft:torch":39,"gravestone:obituary":6,"minecraft:iron_axe":1},"minecraft:killed_by":{"iceandfire:ghost":4},"minecraft:crafted":{"minecraft:oak_planks":96,"minecraft:cooked_porkchop":7,"iceandfire:silver_ingot":5,"minecraft:crafting_table":8,"biomesoplenty:mahogany_planks":312,"minecraft:wooden_pickaxe":1,"minecraft:cooked_chicken":4,"minecraft:furnace":3,"minecraft:bucket":6,"minecraft:stone_axe":1,"minecraft:cooked_mutton":7,"minecraft:air":0,"minecraft:jungle_planks":8,"minecraft:golden_apple":2,"minecraft:charcoal":7,"minecraft:shield":1,"biomesoplenty:mahogany_door":3,"minecraft:stick":12,"minecraft:iron_ingot":9,"minecraft:stone_pickaxe":1,"minecraft:wooden_axe":4,"minecraft:chest":1,"biomesoplenty:mahogany_boat":2,"minecraft:gold_ingot":20,"minecraft:white_bed":2,"minecraft:torch":52},"minecraft:mined":{"iceandfire:graveyard_soil":1,"iceandfire:silver_ore":5,"minecraft:jungle_leaves":1,"biomesoplenty:mahogany_door":1,"minecraft:glow_lichen":1,"minecraft:crafting_table":2,"minecraft:torch":1,"gravestone:gravestone":5,"biomesoplenty:bush":4,"minecraft:grass_block":13,"minecraft:melon":5,"biomesoplenty:mahogany_planks":8,"iceandfire:ghost_chest":1,"minecraft:jungle_log":2,"minecraft:cobblestone":1,"minecraft:sugar_cane":5,"minecraft:wall_torch":1,"minecraft:large_fern":1,"minecraft:iron_ore":10,"biomesoplenty:mahogany_log":114,"minecraft:wither_rose":1,"minecraft:gold_block":1,"minecraft:grass":6,"minecraft:oak_log":9,"minecraft:coal_ore":38,"iceandfire:gold_pile":8,"minecraft:vine":3,"minecraft:gravel":3,"minecraft:dirt":9,"minecraft:cracked_stone_bricks":2,"minecraft:stone":80,"minecraft:oak_leaves":4,"minecraft:fern":4}},"DataVersion":3465}