{"stats":{"minecraft:killed":{"minecraft:pig":2,"minecraft:chicken":1,"minecraft:cow":6},"minecraft:broken":{"minecraft:stone_pickaxe":3,"minecraft:wooden_axe":1,"minecraft:wooden_pickaxe":1},"minecraft:picked_up":{"minecraft:charcoal":14,"minecraft:crafting_table":1,"minecraft:feather":1,"minecraft:chicken":1,"minecraft:ladder":1,"minecraft:andesite":123,"minecraft:jungle_log":1,"minecraft:leather":8,"minecraft:oak_log":1,"minecraft:lily_pad":1,"minecraft:dirt":15,"minecraft:raw_copper":42,"minecraft:wheat_seeds":8,"minecraft:beef":15,"minecraft:bamboo":9,"minecraft:sugar_cane":2,"minecraft:melon_slice":123,"minecraft:egg":1,"minecraft:furnace":1,"minecraft:stick":47,"minecraft:raw_iron":15,"minecraft:big_dripleaf":3,"minecraft:torch":17,"minecraft:porkchop":2,"minecraft:diorite":67,"biomesoplenty:mahogany_log":130,"biomesoplenty:mahogany_door":1,"biomesoplenty:mahogany_sapling":5,"minecraft:granite":2,"minecraft:oak_sapling":1,"minecraft:coal":27,"iceandfire:raw_silver":6,"minecraft:cobblestone":408},"minecraft:custom":{"minecraft:interact_with_furnace":30,"minecraft:mob_kills":10,"minecraft:interact_with_crafting_table":38,"minecraft:leave_game":7,"minecraft:time_since_death":83560,"minecraft:climb_one_cm":12926,"minecraft:time_since_rest":83560,"minecraft:sprint_one_cm":204336,"minecraft:damage_taken":194,"minecraft:walk_one_cm":225125,"minecraft:drop":1,"minecraft:damage_dealt":1047,"minecraft:swim_one_cm":43364,"minecraft:fly_one_cm":198515,"minecraft:open_chest":42,"minecraft:crouch_one_cm":2139,"minecraft:play_time":83560,"minecraft:sneak_time":1350,"minecraft:walk_under_water_one_cm":41057,"minecraft:boat_one_cm":47933,"minecraft:jump":1144,"minecraft:interact_with_blast_furnace":6,"minecraft:walk_on_water_one_cm":29389,"minecraft:total_world_time":83560,"minecraft:fall_one_cm":21328},"minecraft:used":{"biomesoplenty:mahogany_planks":14,"iceandfire:armor_copper_metal_leggings":1,"minecraft:stone_pickaxe":403,"minecraft:ladder":20,"biomesoplenty:mahogany_trapdoor":2,"minecraft:chest":3,"minecraft:wooden_pickaxe":60,"minecraft:wooden_shovel":19,"minecraft:torch":104,"iceandfire:copper_sword":72,"minecraft:crafting_table":3,"minecraft:blast_furnace":1,"biomesoplenty:mahogany_door":2,"minecraft:granite":2,"minecraft:wooden_axe":158,"iceandfire:armor_copper_metal_chestplate":1,"minecraft:melon_slice":32,"minecraft:iron_pickaxe":213,"minecraft:cobblestone":62,"minecraft:furnace":2,"iceandfire:armor_copper_metal_helmet":1,"minecraft:andesite":14,"minecraft:cooked_beef":1},"minecraft:dropped":{"minecraft:wooden_axe":1},"minecraft:crafted":{"minecraft:cooked_beef":15,"minecraft:oak_planks":4,"minecraft:smooth_stone":7,"minecraft:wooden_shovel":1,"iceandfire:silver_ingot":5,"minecraft:cooked_porkchop":2,"minecraft:crafting_table":2,"biomesoplenty:mahogany_planks":332,"minecraft:wooden_pickaxe":1,"minecraft:lightning_rod":5,"minecraft:furnace":2,"minecraft:blast_furnace":1,"iceandfire:armor_copper_metal_leggings":1,"minecraft:copper_ingot":42,"minecraft:stone":7,"iceandfire:copper_sword":1,"iceandfire:armor_copper_metal_helmet":1,"minecraft:air":0,"iceandfire:armor_copper_metal_boots":1,"minecraft:jungle_planks":4,"iceandfire:armor_silver_metal_helmet":1,"minecraft:charcoal":33,"biomesoplenty:mahogany_door":3,"minecraft:ladder":54,"minecraft:stick":304,"minecraft:iron_ingot":15,"minecraft:iron_pickaxe":2,"iceandfire:armor_copper_metal_chestplate":1,"minecraft:stone_pickaxe":3,"minecraft:wooden_axe":3,"minecraft:chest":3,"biomesoplenty:mahogany_trapdoor":2,"minecraft:torch":132},"minecraft:mined":{"iceandfire:silver_ore":6,"biomesoplenty:mahogany_door":1,"minecraft:crafting_table":1,"minecraft:torch":8,"minecraft:granite":2,"minecraft:grass_block":5,"minecraft:melon":24,"minecraft:jungle_log":1,"minecraft:copper_ore":10,"minecraft:cobblestone":7,"minecraft:sugar_cane":1,"minecraft:diorite":66,"minecraft:wall_torch":8,"minecraft:furnace":1,"biomesoplenty:mahogany_log":154,"minecraft:iron_ore":15,"minecraft:andesite":123,"minecraft:grass":11,"minecraft:oak_log":1,"minecraft:coal_ore":27,"minecraft:dirt":12,"minecraft:bamboo":1,"minecraft:stone":406,"minecraft:oak_leaves":31,"minecraft:fern":36}},"DataVersion":3465}