{"stats":{"minecraft:broken":{"minecraft:stone_pickaxe":2,"minecraft:wooden_axe":1,"minecraft:wooden_pickaxe":1},"minecraft:picked_up":{"minecraft:charcoal":14,"minecraft:crafting_table":1,"minecraft:jungle_log":1,"minecraft:andesite":121,"minecraft:oak_log":1,"minecraft:lily_pad":1,"minecraft:dirt":15,"minecraft:raw_copper":42,"minecraft:wheat_seeds":6,"minecraft:bamboo":9,"minecraft:sugar_cane":2,"minecraft:melon_slice":123,"minecraft:furnace":1,"minecraft:stick":47,"minecraft:raw_iron":7,"minecraft:big_dripleaf":3,"minecraft:torch":8,"minecraft:diorite":66,"biomesoplenty:mahogany_log":130,"biomesoplenty:mahogany_door":1,"biomesoplenty:mahogany_sapling":5,"minecraft:granite":2,"minecraft:oak_sapling":1,"minecraft:coal":27,"iceandfire:raw_silver":5,"minecraft:cobblestone":203},"minecraft:custom":{"minecraft:interact_with_furnace":24,"minecraft:mob_kills":1,"minecraft:interact_with_crafting_table":31,"minecraft:leave_game":5,"minecraft:time_since_death":59546,"minecraft:climb_one_cm":8609,"minecraft:time_since_rest":59546,"minecraft:sprint_one_cm":121612,"minecraft:damage_taken":174,"minecraft:walk_one_cm":158106,"minecraft:drop":1,"minecraft:damage_dealt":108,"minecraft:swim_one_cm":40560,"minecraft:fly_one_cm":164367,"minecraft:open_chest":26,"minecraft:crouch_one_cm":22,"minecraft:play_time":59546,"minecraft:sneak_time":474,"minecraft:walk_under_water_one_cm":29716,"minecraft:boat_one_cm":36360,"minecraft:jump":879,"minecraft:walk_on_water_one_cm":23025,"minecraft:total_world_time":59546,"minecraft:fall_one_cm":16544},"minecraft:used":{"biomesoplenty:mahogany_planks":14,"iceandfire:armor_copper_metal_leggings":1,"minecraft:stone_pickaxe":394,"minecraft:ladder":9,"biomesoplenty:mahogany_trapdoor":2,"minecraft:chest":3,"minecraft:wooden_pickaxe":60,"minecraft:wooden_shovel":19,"minecraft:torch":51,"iceandfire:copper_sword":9,"minecraft:crafting_table":3,"biomesoplenty:mahogany_door":2,"minecraft:granite":2,"minecraft:wooden_axe":158,"iceandfire:armor_copper_metal_chestplate":1,"minecraft:melon_slice":24,"minecraft:cobblestone":8,"minecraft:furnace":2,"iceandfire:armor_copper_metal_helmet":1,"minecraft:andesite":12},"minecraft:dropped":{"minecraft:wooden_axe":1},"minecraft:crafted":{"minecraft:smooth_stone":7,"minecraft:oak_planks":4,"minecraft:wooden_shovel":1,"minecraft:crafting_table":2,"biomesoplenty:mahogany_planks":332,"minecraft:wooden_pickaxe":1,"minecraft:lightning_rod":5,"minecraft:furnace":1,"iceandfire:armor_copper_metal_leggings":1,"minecraft:copper_ingot":42,"minecraft:stone":7,"iceandfire:copper_sword":1,"iceandfire:armor_copper_metal_helmet":1,"minecraft:air":0,"iceandfire:armor_copper_metal_boots":1,"minecraft:jungle_planks":4,"minecraft:charcoal":33,"biomesoplenty:mahogany_door":3,"minecraft:ladder":54,"minecraft:stick":300,"minecraft:iron_ingot":3,"iceandfire:armor_copper_metal_chestplate":1,"minecraft:stone_pickaxe":3,"minecraft:wooden_axe":3,"minecraft:chest":3,"biomesoplenty:mahogany_trapdoor":2,"minecraft:torch":132},"minecraft:mined":{"iceandfire:silver_ore":5,"biomesoplenty:mahogany_door":1,"minecraft:crafting_table":1,"minecraft:torch":2,"minecraft:granite":2,"minecraft:grass_block":5,"minecraft:melon":24,"minecraft:jungle_log":1,"minecraft:copper_ore":10,"minecraft:cobblestone":4,"minecraft:sugar_cane":1,"minecraft:diorite":66,"minecraft:wall_torch":6,"minecraft:furnace":1,"biomesoplenty:mahogany_log":154,"minecraft:iron_ore":7,"minecraft:andesite":121,"minecraft:grass":7,"minecraft:oak_log":1,"minecraft:coal_ore":27,"minecraft:dirt":12,"minecraft:bamboo":1,"minecraft:stone":204,"minecraft:oak_leaves":31,"minecraft:fern":26}},"DataVersion":3465}