{"stats":{"minecraft:mined":{"gravestone:gravestone":1},"minecraft:custom":{"minecraft:time_since_rest":290,"minecraft:deaths":1,"minecraft:sprint_one_cm":1730,"minecraft:play_time":2112,"minecraft:damage_taken":330,"minecraft:time_since_death":220,"minecraft:walk_one_cm":14970,"minecraft:total_world_time":2112,"minecraft:fall_one_cm":420,"minecraft:drop":2,"minecraft:fly_one_cm":2426,"minecraft:player_kills":1,"minecraft:jump":33},"minecraft:dropped":{"gravestone:obituary":2},"minecraft:used":{"minecraft:bow":29},"minecraft:killed_by":{"minecraft:player":1}},"DataVersion":3465}