{"stats":{"minecraft:broken":{"minecraft:stone_pickaxe":2,"minecraft:wooden_axe":1,"minecraft:wooden_pickaxe":1},"minecraft:picked_up":{"minecraft:charcoal":14,"minecraft:crafting_table":1,"minecraft:jungle_log":1,"minecraft:andesite":119,"minecraft:oak_log":1,"minecraft:dirt":15,"minecraft:raw_copper":42,"minecraft:wheat_seeds":5,"minecraft:sugar_cane":2,"minecraft:melon_slice":123,"minecraft:furnace":1,"minecraft:stick":47,"minecraft:raw_iron":7,"minecraft:big_dripleaf":3,"minecraft:torch":7,"minecraft:diorite":64,"biomesoplenty:mahogany_log":130,"biomesoplenty:mahogany_door":1,"biomesoplenty:mahogany_sapling":5,"minecraft:granite":2,"minecraft:coal":24,"iceandfire:raw_silver":5,"minecraft:cobblestone":125},"minecraft:custom":{"minecraft:interact_with_furnace":18,"minecraft:interact_with_crafting_table":21,"minecraft:leave_game":3,"minecraft:time_since_death":37753,"minecraft:climb_one_cm":3115,"minecraft:time_since_rest":37753,"minecraft:sprint_one_cm":74429,"minecraft:walk_one_cm":101755,"minecraft:drop":1,"minecraft:swim_one_cm":29471,"minecraft:fly_one_cm":131226,"minecraft:open_chest":11,"minecraft:crouch_one_cm":22,"minecraft:play_time":37753,"minecraft:sneak_time":255,"minecraft:walk_under_water_one_cm":15965,"minecraft:jump":539,"minecraft:walk_on_water_one_cm":15957,"minecraft:total_world_time":37753,"minecraft:fall_one_cm":12679},"minecraft:used":{"biomesoplenty:mahogany_planks":14,"minecraft:stone_pickaxe":305,"minecraft:ladder":9,"biomesoplenty:mahogany_trapdoor":2,"minecraft:chest":3,"minecraft:wooden_pickaxe":60,"minecraft:wooden_shovel":19,"minecraft:torch":14,"minecraft:crafting_table":3,"biomesoplenty:mahogany_door":2,"minecraft:granite":2,"minecraft:wooden_axe":158,"iceandfire:armor_copper_metal_chestplate":1,"minecraft:melon_slice":10,"minecraft:cobblestone":8,"minecraft:furnace":2,"minecraft:andesite":12},"minecraft:dropped":{"minecraft:wooden_axe":1},"minecraft:crafted":{"minecraft:smooth_stone":7,"minecraft:oak_planks":4,"minecraft:wooden_shovel":1,"minecraft:crafting_table":2,"biomesoplenty:mahogany_planks":332,"minecraft:wooden_pickaxe":1,"minecraft:furnace":1,"minecraft:copper_ingot":13,"minecraft:stone":7,"minecraft:air":0,"iceandfire:armor_copper_metal_boots":1,"minecraft:jungle_planks":4,"minecraft:charcoal":33,"minecraft:ladder":54,"biomesoplenty:mahogany_door":3,"minecraft:stick":276,"minecraft:iron_ingot":3,"iceandfire:armor_copper_metal_chestplate":1,"minecraft:stone_pickaxe":3,"minecraft:wooden_axe":3,"minecraft:chest":3,"biomesoplenty:mahogany_trapdoor":2,"minecraft:torch":36},"minecraft:mined":{"iceandfire:silver_ore":5,"minecraft:crafting_table":1,"biomesoplenty:mahogany_door":1,"minecraft:torch":1,"minecraft:granite":2,"minecraft:grass_block":5,"minecraft:melon":24,"minecraft:jungle_log":1,"minecraft:copper_ore":10,"minecraft:sugar_cane":1,"minecraft:diorite":64,"minecraft:wall_torch":6,"minecraft:furnace":1,"biomesoplenty:mahogany_log":154,"minecraft:iron_ore":7,"minecraft:andesite":119,"minecraft:grass":5,"minecraft:oak_log":1,"minecraft:coal_ore":24,"minecraft:dirt":12,"minecraft:stone":130,"minecraft:oak_leaves":5,"minecraft:fern":22}},"DataVersion":3465}