{"stats":{"minecraft:broken":{"minecraft:wooden_axe":1},"minecraft:picked_up":{"minecraft:stick":6,"minecraft:crafting_table":1,"minecraft:jungle_log":1,"minecraft:big_dripleaf":3,"minecraft:oak_log":1,"minecraft:dirt":15,"biomesoplenty:mahogany_log":89,"minecraft:wheat_seeds":4,"biomesoplenty:mahogany_sapling":2,"minecraft:melon_slice":58,"minecraft:sugar_cane":2,"minecraft:cobblestone":10},"minecraft:used":{"minecraft:wooden_axe":117,"minecraft:melon_slice":4,"minecraft:wooden_pickaxe":15,"minecraft:chest":1,"minecraft:wooden_shovel":19,"minecraft:crafting_table":1,"minecraft:furnace":1},"minecraft:custom":{"minecraft:time_since_rest":8714,"minecraft:interact_with_furnace":2,"minecraft:sprint_one_cm":37174,"minecraft:walk_one_cm":32237,"minecraft:drop":1,"minecraft:swim_one_cm":19771,"minecraft:interact_with_crafting_table":8,"minecraft:fly_one_cm":56056,"minecraft:open_chest":6,"minecraft:play_time":8714,"minecraft:sneak_time":7,"minecraft:walk_under_water_one_cm":2418,"minecraft:jump":215,"minecraft:leave_game":1,"minecraft:walk_on_water_one_cm":2648,"minecraft:time_since_death":8714,"minecraft:total_world_time":8714,"minecraft:climb_one_cm":436,"minecraft:fall_one_cm":5341},"minecraft:dropped":{"minecraft:wooden_axe":1},"minecraft:crafted":{"minecraft:oak_planks":4,"minecraft:wooden_shovel":1,"biomesoplenty:mahogany_door":3,"minecraft:stick":144,"biomesoplenty:mahogany_planks":160,"minecraft:wooden_pickaxe":1,"minecraft:wooden_axe":3,"minecraft:chest":1,"minecraft:furnace":1,"biomesoplenty:mahogany_trapdoor":2,"minecraft:jungle_planks":4},"minecraft:mined":{"biomesoplenty:mahogany_log":116,"minecraft:crafting_table":1,"minecraft:grass":3,"minecraft:grass_block":5,"minecraft:oak_log":1,"minecraft:melon":10,"minecraft:jungle_log":1,"minecraft:dirt":12,"minecraft:stone":15,"minecraft:sugar_cane":1,"minecraft:oak_leaves":5,"minecraft:fern":14}},"DataVersion":3465}