{"stats":{"minecraft:broken":{"minecraft:wooden_axe":1,"minecraft:wooden_pickaxe":1},"minecraft:picked_up":{"minecraft:charcoal":14,"minecraft:crafting_table":1,"minecraft:jungle_log":1,"minecraft:andesite":51,"minecraft:oak_log":1,"minecraft:dirt":15,"minecraft:wheat_seeds":5,"minecraft:sugar_cane":2,"minecraft:melon_slice":123,"minecraft:furnace":1,"minecraft:stick":47,"minecraft:raw_iron":3,"minecraft:big_dripleaf":3,"minecraft:torch":5,"minecraft:diorite":3,"biomesoplenty:mahogany_log":130,"biomesoplenty:mahogany_door":1,"biomesoplenty:mahogany_sapling":5,"minecraft:granite":2,"minecraft:coal":2,"minecraft:cobblestone":106},"minecraft:custom":{"minecraft:interact_with_furnace":7,"minecraft:interact_with_crafting_table":14,"minecraft:leave_game":3,"minecraft:time_since_death":27654,"minecraft:climb_one_cm":3115,"minecraft:time_since_rest":27654,"minecraft:sprint_one_cm":67270,"minecraft:walk_one_cm":72413,"minecraft:drop":1,"minecraft:swim_one_cm":29471,"minecraft:fly_one_cm":131123,"minecraft:open_chest":6,"minecraft:crouch_one_cm":22,"minecraft:play_time":27654,"minecraft:sneak_time":255,"minecraft:walk_under_water_one_cm":15965,"minecraft:jump":506,"minecraft:walk_on_water_one_cm":15957,"minecraft:total_world_time":27654,"minecraft:fall_one_cm":12679},"minecraft:used":{"biomesoplenty:mahogany_planks":14,"minecraft:stone_pickaxe":116,"minecraft:ladder":9,"biomesoplenty:mahogany_trapdoor":2,"minecraft:chest":1,"minecraft:wooden_pickaxe":60,"minecraft:wooden_shovel":19,"minecraft:torch":10,"minecraft:crafting_table":2,"biomesoplenty:mahogany_door":2,"minecraft:wooden_axe":158,"minecraft:melon_slice":10,"minecraft:cobblestone":8,"minecraft:furnace":1,"minecraft:andesite":1},"minecraft:dropped":{"minecraft:wooden_axe":1},"minecraft:crafted":{"minecraft:oak_planks":4,"minecraft:wooden_shovel":1,"minecraft:crafting_table":1,"biomesoplenty:mahogany_planks":332,"minecraft:wooden_pickaxe":1,"minecraft:furnace":1,"minecraft:air":0,"minecraft:jungle_planks":4,"minecraft:charcoal":33,"minecraft:ladder":54,"biomesoplenty:mahogany_door":3,"minecraft:stick":276,"minecraft:stone_pickaxe":1,"minecraft:wooden_axe":3,"minecraft:chest":1,"biomesoplenty:mahogany_trapdoor":2,"minecraft:torch":36},"minecraft:mined":{"minecraft:crafting_table":1,"biomesoplenty:mahogany_door":1,"minecraft:torch":1,"minecraft:granite":2,"minecraft:grass_block":5,"minecraft:melon":24,"minecraft:jungle_log":1,"minecraft:sugar_cane":1,"minecraft:diorite":3,"minecraft:wall_torch":4,"minecraft:furnace":1,"biomesoplenty:mahogany_log":154,"minecraft:iron_ore":3,"minecraft:andesite":51,"minecraft:grass":5,"minecraft:oak_log":1,"minecraft:coal_ore":2,"minecraft:dirt":12,"minecraft:stone":111,"minecraft:oak_leaves":5,"minecraft:fern":22}},"DataVersion":3465}