{"stats":{"minecraft:broken":{"minecraft:wooden_axe":1},"minecraft:picked_up":{"minecraft:stick":8,"minecraft:crafting_table":1,"minecraft:jungle_log":1,"minecraft:big_dripleaf":3,"minecraft:torch":1,"minecraft:oak_log":1,"minecraft:dirt":15,"biomesoplenty:mahogany_log":130,"minecraft:wheat_seeds":4,"biomesoplenty:mahogany_sapling":5,"minecraft:granite":2,"minecraft:melon_slice":58,"minecraft:sugar_cane":2,"minecraft:cobblestone":25},"minecraft:used":{"minecraft:wooden_axe":158,"minecraft:melon_slice":7,"minecraft:ladder":2,"biomesoplenty:mahogany_trapdoor":1,"minecraft:wooden_pickaxe":33,"minecraft:chest":1,"minecraft:wooden_shovel":19,"minecraft:torch":2,"minecraft:crafting_table":1,"minecraft:furnace":1,"biomesoplenty:mahogany_door":1},"minecraft:custom":{"minecraft:time_since_rest":14550,"minecraft:interact_with_furnace":5,"minecraft:sprint_one_cm":51736,"minecraft:walk_one_cm":42249,"minecraft:drop":1,"minecraft:swim_one_cm":24001,"minecraft:interact_with_crafting_table":12,"minecraft:fly_one_cm":93693,"minecraft:open_chest":6,"minecraft:crouch_one_cm":22,"minecraft:play_time":14550,"minecraft:sneak_time":175,"minecraft:walk_under_water_one_cm":6988,"minecraft:jump":337,"minecraft:leave_game":2,"minecraft:walk_on_water_one_cm":8212,"minecraft:time_since_death":14550,"minecraft:total_world_time":14550,"minecraft:climb_one_cm":531,"minecraft:fall_one_cm":8743},"minecraft:dropped":{"minecraft:wooden_axe":1},"minecraft:crafted":{"minecraft:oak_planks":4,"minecraft:wooden_shovel":1,"minecraft:charcoal":17,"minecraft:ladder":54,"biomesoplenty:mahogany_door":3,"minecraft:stick":276,"biomesoplenty:mahogany_planks":332,"minecraft:wooden_pickaxe":1,"minecraft:wooden_axe":3,"minecraft:chest":1,"minecraft:furnace":1,"biomesoplenty:mahogany_trapdoor":2,"minecraft:torch":36,"minecraft:air":0,"minecraft:jungle_planks":4},"minecraft:mined":{"biomesoplenty:mahogany_log":154,"minecraft:crafting_table":1,"minecraft:granite":2,"minecraft:grass":4,"minecraft:grass_block":5,"minecraft:oak_log":1,"minecraft:melon":10,"minecraft:jungle_log":1,"minecraft:dirt":12,"minecraft:stone":30,"minecraft:sugar_cane":1,"minecraft:oak_leaves":5,"minecraft:wall_torch":1,"minecraft:fern":15}},"DataVersion":3465}