{"stats":{"minecraft:mined":{"minecraft:tnt":2,"minecraft:peony":1,"gravestone:gravestone":5,"minecraft:oak_log":4,"minecraft:oak_leaves":19,"minecraft:redstone_wall_torch":3},"minecraft:picked_up":{"minecraft:stick":6,"minecraft:oak_log":22,"gravestone:obituary":3,"minecraft:spruce_sapling":2,"minecraft:wither_skeleton_skull":3,"minecraft:dark_oak_log":8,"minecraft:dirt":217,"minecraft:raw_copper":9,"minecraft:tnt":192,"minecraft:apple":1,"minecraft:peony":5,"minecraft:wheat_seeds":3,"minecraft:redstone_torch":68,"minecraft:poppy":1,"minecraft:oak_sapling":4,"minecraft:soul_sand":64,"minecraft:cobblestone":42},"minecraft:custom":{"minecraft:time_since_rest":322,"minecraft:sprint_one_cm":45338,"minecraft:damage_taken":1205,"minecraft:walk_one_cm":74263,"minecraft:drop":9,"minecraft:player_kills":2,"minecraft:fly_one_cm":43899,"minecraft:crouch_one_cm":359,"minecraft:play_time":14112,"minecraft:deaths":4,"minecraft:sneak_time":431,"minecraft:jump":347,"minecraft:time_since_death":221,"minecraft:total_world_time":14112,"minecraft:fall_one_cm":6804},"minecraft:dropped":{"gravestone:obituary":8,"minecraft:spruce_sapling":1},"minecraft:used":{"minecraft:redstone_torch":12,"minecraft:apple":1,"minecraft:wither_skeleton_skull":3,"minecraft:soul_sand":4,"minecraft:dirt":5,"minecraft:bow":41,"minecraft:tnt":256},"minecraft:killed_by":{"minecraft:wither":1,"minecraft:player":1}},"DataVersion":3465}