{"stats":{"minecraft:mined":{"minecraft:soul_sand":1,"minecraft:tnt":2,"minecraft:peony":1,"gravestone:gravestone":8,"biomesoplenty:bush":1,"minecraft:oak_log":4,"minecraft:oak_leaves":19,"minecraft:redstone_wall_torch":3},"minecraft:picked_up":{"minecraft:stick":6,"minecraft:andesite":9,"minecraft:dandelion":2,"minecraft:gravel":1,"minecraft:wither_rose":1,"minecraft:oak_log":22,"gravestone:obituary":5,"minecraft:spruce_sapling":2,"minecraft:spruce_log":1,"minecraft:wither_skeleton_skull":131,"minecraft:string":2,"minecraft:dark_oak_log":8,"minecraft:dirt":271,"minecraft:raw_copper":9,"minecraft:tnt":192,"minecraft:apple":1,"minecraft:peony":6,"minecraft:wheat_seeds":3,"minecraft:redstone_torch":68,"minecraft:poppy":2,"minecraft:oak_sapling":4,"minecraft:coal":3,"minecraft:soul_sand":321,"minecraft:cobblestone":87},"minecraft:custom":{"minecraft:time_since_rest":517,"minecraft:sprint_one_cm":60844,"minecraft:damage_taken":2940,"minecraft:walk_one_cm":99487,"minecraft:drop":16,"minecraft:damage_dealt":18,"minecraft:player_kills":2,"minecraft:fly_one_cm":62082,"minecraft:crouch_one_cm":993,"minecraft:play_time":19493,"minecraft:deaths":9,"minecraft:sneak_time":712,"minecraft:jump":503,"minecraft:leave_game":1,"minecraft:time_since_death":0,"minecraft:total_world_time":19493,"minecraft:fall_one_cm":11472},"minecraft:dropped":{"gravestone:obituary":13,"minecraft:string":2,"minecraft:spruce_sapling":1},"minecraft:used":{"minecraft:redstone_torch":12,"minecraft:apple":1,"minecraft:wither_skeleton_skull":12,"minecraft:soul_sand":21,"minecraft:dirt":5,"minecraft:cobblestone":17,"minecraft:bow":41,"minecraft:tnt":256},"minecraft:killed_by":{"minecraft:wither":5,"minecraft:player":1,"ecologics:coconut_crab":1}},"DataVersion":3465}