{"stats":{"minecraft:killed":{"minecraft:pig":2,"minecraft:chicken":1,"minecraft:cow":6},"minecraft:broken":{"minecraft:stone_pickaxe":3,"minecraft:wooden_axe":1,"minecraft:wooden_pickaxe":1},"minecraft:picked_up":{"minecraft:charcoal":14,"minecraft:crafting_table":1,"minecraft:feather":1,"minecraft:chicken":1,"minecraft:andesite":121,"minecraft:jungle_log":1,"minecraft:leather":8,"minecraft:oak_log":1,"minecraft:lily_pad":1,"minecraft:dirt":15,"minecraft:raw_copper":42,"minecraft:wheat_seeds":8,"minecraft:beef":15,"minecraft:bamboo":9,"minecraft:sugar_cane":2,"minecraft:melon_slice":123,"minecraft:egg":1,"minecraft:furnace":1,"minecraft:stick":47,"minecraft:raw_iron":9,"minecraft:big_dripleaf":3,"minecraft:torch":16,"minecraft:porkchop":2,"minecraft:diorite":66,"biomesoplenty:mahogany_log":130,"biomesoplenty:mahogany_door":1,"biomesoplenty:mahogany_sapling":5,"minecraft:granite":2,"minecraft:oak_sapling":1,"minecraft:coal":27,"iceandfire:raw_silver":5,"minecraft:cobblestone":206},"minecraft:custom":{"minecraft:interact_with_furnace":29,"minecraft:mob_kills":10,"minecraft:interact_with_crafting_table":35,"minecraft:leave_game":6,"minecraft:time_since_death":70515,"minecraft:climb_one_cm":8712,"minecraft:time_since_rest":70515,"minecraft:sprint_one_cm":179446,"minecraft:damage_taken":194,"minecraft:walk_one_cm":201118,"minecraft:drop":1,"minecraft:damage_dealt":947,"minecraft:swim_one_cm":43216,"minecraft:fly_one_cm":191881,"minecraft:open_chest":35,"minecraft:crouch_one_cm":22,"minecraft:play_time":70515,"minecraft:sneak_time":507,"minecraft:walk_under_water_one_cm":30655,"minecraft:boat_one_cm":47933,"minecraft:jump":1056,"minecraft:interact_with_blast_furnace":3,"minecraft:walk_on_water_one_cm":23448,"minecraft:total_world_time":70515,"minecraft:fall_one_cm":21328},"minecraft:used":{"biomesoplenty:mahogany_planks":14,"iceandfire:armor_copper_metal_leggings":1,"minecraft:stone_pickaxe":403,"minecraft:ladder":9,"biomesoplenty:mahogany_trapdoor":2,"minecraft:chest":3,"minecraft:wooden_pickaxe":60,"minecraft:wooden_shovel":19,"minecraft:torch":88,"iceandfire:copper_sword":69,"minecraft:crafting_table":3,"minecraft:blast_furnace":1,"biomesoplenty:mahogany_door":2,"minecraft:granite":2,"minecraft:wooden_axe":158,"iceandfire:armor_copper_metal_chestplate":1,"minecraft:melon_slice":32,"minecraft:iron_pickaxe":4,"minecraft:cobblestone":8,"minecraft:furnace":2,"iceandfire:armor_copper_metal_helmet":1,"minecraft:andesite":12,"minecraft:cooked_beef":1},"minecraft:dropped":{"minecraft:wooden_axe":1},"minecraft:crafted":{"minecraft:cooked_beef":15,"minecraft:oak_planks":4,"minecraft:smooth_stone":7,"minecraft:wooden_shovel":1,"minecraft:cooked_porkchop":2,"minecraft:crafting_table":2,"biomesoplenty:mahogany_planks":332,"minecraft:wooden_pickaxe":1,"minecraft:lightning_rod":5,"minecraft:furnace":2,"minecraft:blast_furnace":1,"iceandfire:armor_copper_metal_leggings":1,"minecraft:copper_ingot":42,"minecraft:stone":7,"iceandfire:copper_sword":1,"iceandfire:armor_copper_metal_helmet":1,"minecraft:air":0,"iceandfire:armor_copper_metal_boots":1,"minecraft:jungle_planks":4,"minecraft:charcoal":33,"biomesoplenty:mahogany_door":3,"minecraft:ladder":54,"minecraft:stick":304,"minecraft:iron_ingot":9,"minecraft:iron_pickaxe":1,"iceandfire:armor_copper_metal_chestplate":1,"minecraft:stone_pickaxe":3,"minecraft:wooden_axe":3,"minecraft:chest":3,"biomesoplenty:mahogany_trapdoor":2,"minecraft:torch":132},"minecraft:mined":{"iceandfire:silver_ore":5,"biomesoplenty:mahogany_door":1,"minecraft:crafting_table":1,"minecraft:torch":8,"minecraft:granite":2,"minecraft:grass_block":5,"minecraft:melon":24,"minecraft:jungle_log":1,"minecraft:copper_ore":10,"minecraft:cobblestone":4,"minecraft:sugar_cane":1,"minecraft:diorite":66,"minecraft:wall_torch":7,"minecraft:furnace":1,"biomesoplenty:mahogany_log":154,"minecraft:iron_ore":9,"minecraft:andesite":121,"minecraft:grass":11,"minecraft:oak_log":1,"minecraft:coal_ore":27,"minecraft:dirt":12,"minecraft:bamboo":1,"minecraft:stone":210,"minecraft:oak_leaves":31,"minecraft:fern":36}},"DataVersion":3465}