{"stats":{"minecraft:picked_up":{"minecraft:crafting_table":1,"minecraft:jungle_log":1,"minecraft:wheat_seeds":1,"minecraft:oak_log":1,"minecraft:melon_slice":14,"minecraft:sugar_cane":2},"minecraft:custom":{"minecraft:time_since_rest":2714,"minecraft:play_time":2714,"minecraft:sprint_one_cm":6224,"minecraft:walk_one_cm":3144,"minecraft:sneak_time":7,"minecraft:walk_under_water_one_cm":2418,"minecraft:jump":55,"minecraft:leave_game":1,"minecraft:time_since_death":2714,"minecraft:walk_on_water_one_cm":2327,"minecraft:climb_one_cm":436,"minecraft:total_world_time":2714,"minecraft:fly_one_cm":15475,"minecraft:swim_one_cm":19771,"minecraft:fall_one_cm":1521},"minecraft:mined":{"minecraft:oak_log":1,"minecraft:melon":2,"minecraft:jungle_log":1,"minecraft:sugar_cane":1,"minecraft:oak_leaves":5,"minecraft:crafting_table":1,"minecraft:fern":4}},"DataVersion":3465}